,RMSD,Compound_Name,Pose_ID
0,0.10713580212573469,MAT-POS-e119ab4f-5,0
1,0.6530026669081598,MAT-POS-e119ab4f-5,1
2,0.6977422352932215,MAT-POS-e119ab4f-5,2
3,0.6515952459012111,MAT-POS-e119ab4f-5,3
4,0.9410869945693534,MAT-POS-e119ab4f-5,4
5,0.6826625101576493,MAT-POS-e119ab4f-5,5
6,1.9146226325456506,MAT-POS-e119ab4f-5,6
7,2.415997531085642,MAT-POS-e119ab4f-5,7
8,2.0925613555746545,MAT-POS-e119ab4f-5,8
9,2.092452053719434,MAT-POS-e119ab4f-5,9
10,2.4799651088525985,MAT-POS-e119ab4f-5,10
11,2.009764687471187,MAT-POS-e119ab4f-5,11
12,3.3169488338835844,MAT-POS-e119ab4f-5,12
13,2.403981784451296,MAT-POS-e119ab4f-5,13
14,2.2478205379961227,MAT-POS-e119ab4f-5,14
15,2.5222495217037095,MAT-POS-e119ab4f-5,15
16,2.036116746044375,MAT-POS-e119ab4f-5,16
17,1.9578241860663017,MAT-POS-e119ab4f-5,17
18,0.3734453350838543,MAT-POS-e48723dc-2,0
19,1.484349069544346,MAT-POS-e48723dc-2,1
20,0.7306313577574285,MAT-POS-e48723dc-2,2
21,1.518211707815059,MAT-POS-e48723dc-2,3
22,1.7961845178884173,MAT-POS-e48723dc-2,4
23,1.5155870421639703,MAT-POS-e48723dc-2,5
24,2.3091310594186596,MAT-POS-e48723dc-2,6
25,2.292306559955626,MAT-POS-e48723dc-2,7
26,2.1444284525657475,MAT-POS-e48723dc-2,8
27,1.594428089520405,MAT-POS-e48723dc-2,9
28,2.299824352911699,MAT-POS-e48723dc-2,10
29,1.4416428764287925,MAT-POS-e48723dc-2,11
30,1.9352891664010774,MAT-POS-e48723dc-2,12
31,1.7637722576410815,MAT-POS-e48723dc-2,13
32,2.316666016494087,MAT-POS-e48723dc-2,14
33,0.09462410763133126,RAL-THA-2d450e86-16,0
34,0.1081058395061457,MAT-POS-a13804f0-3,0
35,0.7693263592930777,MAT-POS-a13804f0-3,1
36,2.186512984630507,MAT-POS-a13804f0-3,2
37,0.7059557579986202,MAT-POS-90fd5f68-14,0
38,0.9326912233255897,MAT-POS-90fd5f68-14,1
39,0.5225838640677953,MAT-POS-90fd5f68-14,2
40,0.8053406621638499,MAT-POS-90fd5f68-14,3
41,2.0318875643693723,MAT-POS-90fd5f68-14,4
42,1.3859967713418115,MAT-POS-90fd5f68-14,5
43,2.736060704864617,MAT-POS-90fd5f68-14,6
44,1.4949980217313719,MAT-POS-90fd5f68-14,7
45,0.9729370218260157,MAT-POS-90fd5f68-14,8
46,1.812232476016674,MAT-POS-90fd5f68-14,9
47,2.050533979079672,MAT-POS-90fd5f68-14,10
48,2.055947287064114,MAT-POS-90fd5f68-14,11
49,1.8556684600605504,MAT-POS-90fd5f68-14,12
50,1.733682139599254,MAT-POS-90fd5f68-14,13
51,1.622760538437027,MAT-POS-90fd5f68-14,14
52,2.0312502383043,MAT-POS-90fd5f68-14,15
53,1.9188116091566587,MAT-POS-90fd5f68-14,16
54,2.9089517227226227,MAT-POS-90fd5f68-14,17
55,0.15258919305836358,KAD-UNI-80f122c8-2,0
56,0.6525572877633166,KAD-UNI-80f122c8-2,1
57,0.6530359585361531,KAD-UNI-80f122c8-2,2
58,1.8192816008848067,KAD-UNI-80f122c8-2,3
59,2.002426796122433,KAD-UNI-80f122c8-2,4
60,1.777435740003807,KAD-UNI-80f122c8-2,5
61,1.0351397627986876,MAT-POS-4223bc15-2,0
62,0.6556542862716365,MAT-POS-4223bc15-2,1
63,1.2367650928643874,MAT-POS-4223bc15-2,2
64,1.1658693702956695,MAT-POS-4223bc15-2,3
65,0.9851781776185703,MAT-POS-4223bc15-2,4
66,1.222299290439654,MAT-POS-4223bc15-2,5
67,4.089561633544563,MAT-POS-4223bc15-2,6
68,4.021616265677715,MAT-POS-4223bc15-2,7
69,3.9682569689086598,MAT-POS-4223bc15-2,8
70,4.140723407491443,MAT-POS-4223bc15-2,9
71,2.139769645662509,MAT-POS-4223bc15-2,10
72,2.121772984888124,MAT-POS-4223bc15-2,11
73,2.296713376161885,MAT-POS-4223bc15-2,12
74,4.023024231251447,MAT-POS-4223bc15-2,13
75,3.9578755568973834,MAT-POS-4223bc15-2,14
76,2.2340547380738696,MAT-POS-4223bc15-2,15
77,3.5261334775851694,MAT-POS-4223bc15-2,16
78,0.0967534827190735,BEN-DND-c852c98b-5,0
79,1.0063717723673897,BEN-DND-c852c98b-5,1
80,3.220977774264956,BEN-DND-c852c98b-5,2
81,0.11719061976950038,EDJ-MED-92e193ae-1,0
82,2.105512551122002,EDJ-MED-92e193ae-1,1
83,0.38476663670132,EDJ-MED-76744c27-4,0
84,1.0159570626095051,EDJ-MED-76744c27-4,1
85,0.9294713920384692,EDJ-MED-76744c27-4,2
86,1.1032244731307665,EDJ-MED-76744c27-4,3
87,1.1769972679626555,EDJ-MED-76744c27-4,4
88,1.018273853028076,EDJ-MED-76744c27-4,5
89,1.837733933804875,EDJ-MED-76744c27-4,6
90,0.7351571269694483,EDJ-MED-76744c27-4,7
91,0.8573045445336395,EDJ-MED-76744c27-4,8
92,0.7751911912014564,EDJ-MED-76744c27-4,9
93,1.547474128979186,EDJ-MED-76744c27-4,10
94,1.4852330501799786,EDJ-MED-76744c27-4,11
95,1.4846880653817964,EDJ-MED-76744c27-4,12
96,1.573390391752307,EDJ-MED-76744c27-4,13
97,1.5640376603922979,EDJ-MED-76744c27-4,14
98,1.9433448888769376,EDJ-MED-76744c27-4,15
99,1.441193617297062,EDJ-MED-76744c27-4,16
100,1.3135945773796693,EDJ-MED-76744c27-4,17
101,2.0073865821521606,EDJ-MED-76744c27-4,18
102,1.4997204905022958,EDJ-MED-76744c27-4,19
103,2.039876615390772,EDJ-MED-76744c27-4,20
104,1.1273292458217052,EDJ-MED-76744c27-4,21
105,1.9454687909032995,EDJ-MED-76744c27-4,22
106,2.3625645656396568,EDJ-MED-76744c27-4,23
107,2.2250688398557155,EDJ-MED-76744c27-4,24
108,2.1323904948530616,EDJ-MED-76744c27-4,25
109,2.3495685164382105,EDJ-MED-76744c27-4,26
110,0.11934681273565535,RAL-THA-4aa06b95-7,0
111,0.705411489870075,RAL-THA-4aa06b95-7,1
112,0.8549257012227974,RAL-THA-4aa06b95-7,2
113,3.3156308933249856,RAL-THA-4aa06b95-7,3
114,3.521360535350613,RAL-THA-4aa06b95-7,4
115,3.1110537939329883,RAL-THA-4aa06b95-7,5
116,0.09497921378805328,MIC-UNK-08cd9c58-1,0
117,2.2684521038013825,MIC-UNK-08cd9c58-1,1
118,2.700785290506387,MIC-UNK-08cd9c58-1,2
119,3.4780903415882403,MIC-UNK-08cd9c58-1,3
120,2.3330044034312563,MIC-UNK-08cd9c58-1,4
121,2.8259871855494527,MIC-UNK-08cd9c58-1,5
122,0.12288842984182798,EDJ-MED-e69ed63d-1,0
123,0.6755808700270554,EDJ-MED-e69ed63d-1,1
124,0.912554471908498,EDJ-MED-e69ed63d-1,2
125,0.8534941777952151,EDJ-MED-e69ed63d-1,3
126,0.8469816760451856,EDJ-MED-e69ed63d-1,4
127,1.3778018066925395,EDJ-MED-e69ed63d-1,5
128,0.6107140674901391,EDJ-MED-e69ed63d-1,6
129,1.4093162655573237,EDJ-MED-e69ed63d-1,7
130,2.166187184962367,EDJ-MED-e69ed63d-1,8
131,1.2380780038010364,EDJ-MED-e69ed63d-1,9
132,1.5253800313489403,EDJ-MED-e69ed63d-1,10
133,1.2104331624846876,EDJ-MED-e69ed63d-1,11
134,1.2883895844176718,EDJ-MED-e69ed63d-1,12
135,2.251504377557656,EDJ-MED-e69ed63d-1,13
136,2.6724547978755697,EDJ-MED-e69ed63d-1,14
137,1.382279798143793,EDJ-MED-e69ed63d-1,15
138,2.276733472012151,EDJ-MED-e69ed63d-1,16
139,2.2478098070843417,EDJ-MED-e69ed63d-1,17
140,0.7983182866725709,ALP-POS-64a710fa-1,0
141,0.6182408035795927,ALP-POS-64a710fa-1,1
142,1.3332501997509811,ALP-POS-64a710fa-1,2
143,0.11729989494222436,ALP-POS-64a710fa-1,3
144,0.6248734202055015,ALP-POS-64a710fa-1,4
145,1.0355140655617219,ALP-POS-64a710fa-1,5
146,0.6653557091624414,ALP-POS-64a710fa-1,6
147,1.2789127654306292,ALP-POS-64a710fa-1,7
148,0.9701608556013179,ALP-POS-64a710fa-1,8
149,1.237526037907316,ALP-POS-64a710fa-1,9
150,0.8974732052298999,ALP-POS-64a710fa-1,10
151,1.2029925696049533,ALP-POS-64a710fa-1,11
152,0.9358382079848737,ALP-POS-64a710fa-1,12
153,1.0941845038881657,ALP-POS-64a710fa-1,13
154,4.669987985820685,ALP-POS-64a710fa-1,14
155,4.564412151611931,ALP-POS-64a710fa-1,15
156,0.7463074907646607,ALP-POS-64a710fa-1,16
157,4.576299731367926,ALP-POS-64a710fa-1,17
158,4.4715564471352325,ALP-POS-64a710fa-1,18
159,2.008321176787106,ALP-POS-64a710fa-1,19
160,2.1671411229413797,ALP-POS-64a710fa-1,20
161,1.0903572493774776,ALP-POS-64a710fa-1,21
162,1.9343703727450743,ALP-POS-64a710fa-1,22
163,1.2953119449084318,ALP-POS-64a710fa-1,23
164,2.449803995572378,ALP-POS-64a710fa-1,24
165,1.8008234526336804,ALP-POS-64a710fa-1,25
166,0.1338778659388943,EDG-MED-971238d3-5,0
167,2.0250177488575254,EDG-MED-971238d3-5,1
168,0.09779242834544137,MAT-POS-e119ab4f-2,0
169,0.671211109916193,MAT-POS-e119ab4f-2,1
170,0.6822223023113901,MAT-POS-e119ab4f-2,2
171,0.5356442512843005,MAT-POS-e119ab4f-2,3
172,1.0094305132317352,MAT-POS-e119ab4f-2,4
173,2.942153830729303,MAT-POS-e119ab4f-2,5
174,1.3694310954824855,MAT-POS-e119ab4f-2,6
175,0.9837676665541584,MAT-POS-e119ab4f-2,7
176,3.9763129280666005,MAT-POS-e119ab4f-2,8
177,2.4325801963398535,MAT-POS-e119ab4f-2,9
178,4.012463153234374,MAT-POS-e119ab4f-2,10
179,4.197507321651252,MAT-POS-e119ab4f-2,11
180,0.6478253945300302,MAT-POS-4223bc15-18,0
181,0.7301937662802143,MAT-POS-4223bc15-18,1
182,1.9166137897476798,MAT-POS-4223bc15-18,2
183,1.1546674892305577,MAT-POS-4223bc15-18,3
184,2.0624022310101644,MAT-POS-4223bc15-18,4
185,2.0302190316333593,MAT-POS-4223bc15-18,5
186,3.8393937586339333,MAT-POS-4223bc15-18,6
187,2.195362620779476,MAT-POS-4223bc15-18,7
188,0.13375814614880543,MAT-POS-8695a11f-1,0
189,2.1020311989284894,MAT-POS-8695a11f-1,1
190,1.4680098692990098,MAT-POS-8695a11f-1,2
191,1.0707289339909871,MAT-POS-8695a11f-1,3
192,1.33829959754695,MAT-POS-8695a11f-1,4
193,0.08834486186490124,PET-UNK-b38839dc-1,0
194,0.7496780059739311,PET-UNK-b38839dc-1,1
195,1.787186756201933,PET-UNK-b38839dc-1,2
196,2.201620489270386,PET-UNK-b38839dc-1,3
197,1.6112617576423163,PET-UNK-b38839dc-1,4
198,1.6797955976734928,PET-UNK-b38839dc-1,5
199,1.4735871116093653,PET-UNK-b38839dc-1,6
200,3.0419966774287586,PET-UNK-b38839dc-1,7
201,3.0200909847824247,PET-UNK-b38839dc-1,8
202,3.1998770932063145,PET-UNK-b38839dc-1,9
203,3.5041864965188574,PET-UNK-b38839dc-1,10
204,0.10498312266808763,MIC-UNK-45817b9b-1,0
205,0.7614146505981051,MIC-UNK-45817b9b-1,1
206,7.4158696726608655,MIC-UNK-45817b9b-1,2
207,0.654416945554432,MAT-POS-5cd9ea36-17,0
208,0.7896928503147801,MAT-POS-5cd9ea36-17,1
209,0.6911587432144104,MAT-POS-5cd9ea36-17,2
210,1.1117976840148276,MAT-POS-5cd9ea36-17,3
211,1.0037352216144133,MAT-POS-5cd9ea36-17,4
212,1.0689159184858872,MAT-POS-5cd9ea36-17,5
213,1.9999249625000546,MAT-POS-5cd9ea36-17,6
214,1.3078387486993557,MAT-POS-5cd9ea36-17,7
215,1.5400486587662023,MAT-POS-5cd9ea36-17,8
216,2.0246086819404563,MAT-POS-5cd9ea36-17,9
217,4.114090210675951,MAT-POS-5cd9ea36-17,10
218,2.30554905893329,MAT-POS-5cd9ea36-17,11
219,0.13701835958111677,MAT-POS-5cd9ea36-14,0
220,0.7994237884107559,MAT-POS-5cd9ea36-14,1
221,1.3948847887587823,MAT-POS-5cd9ea36-14,2
222,1.8839888677244787,MAT-POS-5cd9ea36-14,3
223,1.4990813870640194,MAT-POS-5cd9ea36-14,4
224,2.0374758518343707,MAT-POS-5cd9ea36-14,5
225,1.5689951436586507,MAT-POS-5cd9ea36-14,6
226,1.9939438607386637,MAT-POS-5cd9ea36-14,7
227,1.7463709450799556,MAT-POS-5cd9ea36-14,8
228,2.347586299599417,MAT-POS-5cd9ea36-14,9
229,1.660109210590009,MAT-POS-5cd9ea36-14,10
230,2.186960385553964,MAT-POS-5cd9ea36-14,11
231,2.2052054045369847,MAT-POS-5cd9ea36-14,12
232,4.625148621604553,MAT-POS-5cd9ea36-14,13
233,2.4493715896965207,MAT-POS-5cd9ea36-14,14
234,2.424986224681087,MAT-POS-5cd9ea36-14,15
235,2.0775979035359358,MAT-POS-5cd9ea36-14,16
236,4.636700191991328,MAT-POS-5cd9ea36-14,17
237,2.5279740401471393,MAT-POS-5cd9ea36-14,18
238,0.12204628261839089,ALP-POS-9c80c481-1,0
239,0.649373642304363,ALP-POS-9c80c481-1,1
240,0.633498180748368,ALP-POS-9c80c481-1,2
241,0.5113260544675787,ALP-POS-9c80c481-1,3
242,0.9800796487973397,ALP-POS-9c80c481-1,4
243,1.954017509332305,ALP-POS-9c80c481-1,5
244,0.9786819304721732,ALP-POS-9c80c481-1,6
245,0.7517073296947319,ALP-POS-9c80c481-1,7
246,1.545416077806899,ALP-POS-9c80c481-1,8
247,1.345023167731018,ALP-POS-9c80c481-1,9
248,1.4840761887668945,ALP-POS-9c80c481-1,10
249,0.6335964116705917,MAT-POS-4223bc15-30,0
250,0.9395473379391303,MAT-POS-4223bc15-30,1
251,0.9171965563245349,MAT-POS-4223bc15-30,2
252,1.2237884457768902,MAT-POS-4223bc15-30,3
253,2.0279677723757485,MAT-POS-4223bc15-30,4
254,2.3832416751407766,MAT-POS-4223bc15-30,5
255,2.3149020970645435,MAT-POS-4223bc15-30,6
256,2.231027137905118,MAT-POS-4223bc15-30,7
257,1.6408340704661122,MAT-POS-4223bc15-30,8
258,2.1398716747862956,MAT-POS-4223bc15-30,9
259,1.4491583468234064,MAT-POS-4223bc15-30,10
260,2.3080960666622663,MAT-POS-4223bc15-30,11
261,2.1375760024686246,MAT-POS-4223bc15-30,12
262,2.7275669359971095,MAT-POS-4223bc15-30,13
263,0.09451501403270364,MAT-POS-78e1d523-1,0
264,0.0948664838499915,RAL-THA-2d450e86-12,0
265,0.7740680689825739,RAL-THA-2d450e86-12,1
266,2.2180012681691745,RAL-THA-2d450e86-12,2
267,2.317224027361525,RAL-THA-2d450e86-12,3
268,1.591459341501961,RAL-THA-2d450e86-12,4
269,4.215645983762288,RAL-THA-2d450e86-12,5
270,4.278880336820994,RAL-THA-2d450e86-12,6
271,0.11994659542852626,MAT-POS-e69ad64a-2,0
272,1.0629483037391168,MAT-POS-e69ad64a-2,1
273,0.8338576469868588,MAT-POS-e69ad64a-2,2
274,2.373801333487887,MAT-POS-e69ad64a-2,3
275,3.2901919031565683,MAT-POS-e69ad64a-2,4
276,4.076250768891462,MAT-POS-e69ad64a-2,5
277,0.11699519653752546,MAT-POS-5cd9ea36-23,0
278,1.1173013823439386,MAT-POS-5cd9ea36-23,1
279,0.9235731542753657,MAT-POS-5cd9ea36-23,2
280,1.2764807127335547,MAT-POS-5cd9ea36-23,3
281,1.308956876010132,MAT-POS-5cd9ea36-23,4
282,1.6110124398688819,MAT-POS-5cd9ea36-23,5
283,1.4164194236796768,MAT-POS-5cd9ea36-23,6
284,1.8305208820701928,MAT-POS-5cd9ea36-23,7
285,1.1522604730069288,MAT-POS-5cd9ea36-23,8
286,1.0542416874204976,MAT-POS-5cd9ea36-23,9
287,1.3157414061108825,MAT-POS-5cd9ea36-23,10
288,0.7117690433188947,MAT-POS-5cd9ea36-23,11
289,0.5404476682229978,MAT-POS-5cd9ea36-23,12
290,1.2687931895783624,MAT-POS-5cd9ea36-23,13
291,1.0491442015460333,MAT-POS-5cd9ea36-23,14
292,2.1856942996797097,MAT-POS-5cd9ea36-23,15
293,1.3912337953058789,MAT-POS-5cd9ea36-23,16
294,1.7079375447661997,MAT-POS-5cd9ea36-23,17
295,1.4245429031966597,MAT-POS-5cd9ea36-23,18
296,1.5321336995440213,MAT-POS-5cd9ea36-23,19
297,2.045641127987918,MAT-POS-5cd9ea36-23,20
298,1.7473090858611915,MAT-POS-5cd9ea36-23,21
299,2.2566373598050125,MAT-POS-5cd9ea36-23,22
300,2.3696447477217735,MAT-POS-5cd9ea36-23,23
301,2.330813510130433,MAT-POS-5cd9ea36-23,24
302,2.5252594945332865,MAT-POS-5cd9ea36-23,25
303,2.4985701178282778,MAT-POS-5cd9ea36-23,26
304,2.3437265640910074,MAT-POS-5cd9ea36-23,27
305,2.289696180310225,MAT-POS-5cd9ea36-23,28
306,0.11440697645684447,EDG-MED-ba1ac7b9-19,0
307,1.231702168981264,EDG-MED-ba1ac7b9-19,1
308,1.6964238414310766,EDG-MED-ba1ac7b9-19,2
309,1.732317025041063,EDG-MED-ba1ac7b9-19,3
310,0.15428367220941164,EDG-MED-5d232de5-8,0
311,1.7895407209171348,EDG-MED-5d232de5-8,1
312,1.0668864364459723,EDG-MED-5d232de5-8,2
313,2.1812393468058215,EDG-MED-5d232de5-8,3
314,2.6721313390348294,EDG-MED-5d232de5-8,4
315,0.6132276854021047,EDJ-MED-968bafd9-1,0
316,1.1412456687274357,EDJ-MED-968bafd9-1,1
317,0.9023849320697848,EDJ-MED-968bafd9-1,2
318,1.8706519073296186,EDJ-MED-968bafd9-1,3
319,2.3586775840932384,EDJ-MED-968bafd9-1,4
320,2.184751137352348,EDJ-MED-968bafd9-1,5
321,1.9687522492428249,EDJ-MED-968bafd9-1,6
322,1.6456229506609539,EDJ-MED-968bafd9-1,7
323,2.262272384581526,EDJ-MED-968bafd9-1,8
324,2.181087826010419,EDJ-MED-968bafd9-1,9
325,1.3054931580268017,EDJ-MED-968bafd9-1,10
326,2.2458931533056514,EDJ-MED-968bafd9-1,11
327,1.9826553157287412,EDJ-MED-968bafd9-1,12
328,1.9065503643665191,EDJ-MED-968bafd9-1,13
329,1.1314779969362787,EDJ-MED-968bafd9-1,14
330,1.406898118044055,EDJ-MED-968bafd9-1,15
331,2.106465035103919,EDJ-MED-968bafd9-1,16
332,2.1606002852751653,EDJ-MED-968bafd9-1,17
333,2.498668314000606,EDJ-MED-968bafd9-1,18
334,1.9960618442245834,EDJ-MED-968bafd9-1,19
335,1.7821292872521552,EDJ-MED-968bafd9-1,20
336,2.7501854247611286,EDJ-MED-968bafd9-1,21
337,3.633664337412685,EDJ-MED-968bafd9-1,22
338,2.9031934466748024,EDJ-MED-968bafd9-1,23
339,3.8507390412503333,EDJ-MED-968bafd9-1,24
340,0.13831660196557669,EDJ-MED-8c98ee63-2,0
341,0.8275278731048906,EDJ-MED-8c98ee63-2,1
342,0.8381470970879498,EDJ-MED-8c98ee63-2,2
343,0.774730409152639,EDJ-MED-8c98ee63-2,3
344,1.2128606480504642,EDJ-MED-8c98ee63-2,4
345,1.2713838403582545,EDJ-MED-8c98ee63-2,5
346,6.523253886753732,EDJ-MED-8c98ee63-2,6
347,2.139802629470814,EDJ-MED-8c98ee63-2,7
348,1.8662500404414848,EDJ-MED-8c98ee63-2,8
349,0.9750051412223921,EDJ-MED-8c98ee63-2,9
350,1.938535460618791,EDJ-MED-8c98ee63-2,10
351,1.0673001621122582,EDJ-MED-8c98ee63-2,11
352,1.9215394877936127,EDJ-MED-8c98ee63-2,12
353,1.8980759774499767,EDJ-MED-8c98ee63-2,13
354,6.473324590209884,EDJ-MED-8c98ee63-2,14
355,1.8155769778071766,EDJ-MED-8c98ee63-2,15
356,6.485716957580534,EDJ-MED-8c98ee63-2,16
357,0.10374306854109171,MAT-POS-fce787c2-3,0
358,0.7239940781463762,MAT-POS-fce787c2-3,1
359,1.4649778809577845,MAT-POS-fce787c2-3,2
360,2.1670828192943454,MAT-POS-fce787c2-3,3
361,3.0178580580078336,MAT-POS-fce787c2-3,4
362,3.9328395017109554,MAT-POS-fce787c2-3,5
363,3.038761537220788,MAT-POS-fce787c2-3,6
364,0.11128188105385323,RUB-POS-1325a9ea-4,0
365,1.3280845145596691,RUB-POS-1325a9ea-4,1
366,1.611479351260798,RUB-POS-1325a9ea-4,2
367,1.6968513276085067,RUB-POS-1325a9ea-4,3
368,2.6870888460615836,RUB-POS-1325a9ea-4,4
369,3.1649834352617545,RUB-POS-1325a9ea-4,5
370,3.4409486319933307,RUB-POS-1325a9ea-4,6
371,3.715754981962675,RUB-POS-1325a9ea-4,7
372,3.5850276971324457,RUB-POS-1325a9ea-4,8
373,0.09512860472491896,PET-UNK-c9c1e0d8-3,0
374,2.1978684297380213,PET-UNK-c9c1e0d8-3,1
375,4.189130369295782,PET-UNK-c9c1e0d8-3,2
376,4.483277950514523,PET-UNK-c9c1e0d8-3,3
377,0.10839562759356287,ALP-POS-ce760d3f-2,0
378,2.0755666308747283,ALP-POS-ce760d3f-2,1
379,0.5818138379184327,EDG-MED-70ae9412-2,0
380,0.542620600723371,EDG-MED-70ae9412-2,1
381,0.8753378657731465,EDG-MED-70ae9412-2,2
382,0.9895508465397025,EDG-MED-70ae9412-2,3
383,0.9641749856849089,EDG-MED-70ae9412-2,4
384,0.09017331702259418,MAT-POS-bfb445d4-2,0
385,0.8575712514375673,MAT-POS-bfb445d4-2,1
386,0.8581708423354265,MAT-POS-bfb445d4-2,2
387,0.8626364350702177,MAT-POS-bfb445d4-2,3
388,1.498324428219548,MAT-POS-bfb445d4-2,4
389,2.6508561260047667,MAT-POS-bfb445d4-2,5
390,1.7208769565809348,MAT-POS-bfb445d4-2,6
391,1.7531003172282533,MAT-POS-bfb445d4-2,7
392,1.6164701165750375,MAT-POS-bfb445d4-2,8
393,3.634794621972251,MAT-POS-bfb445d4-2,9
394,1.9666676508386136,MAT-POS-bfb445d4-2,10
395,1.7894174000104175,MAT-POS-bfb445d4-2,11
396,2.7139636016757835,MAT-POS-bfb445d4-2,12
397,1.7038864855945288,MAT-POS-bfb445d4-2,13
398,3.3145534985528786,MAT-POS-bfb445d4-2,14
399,3.870253605276792,MAT-POS-bfb445d4-2,15
400,1.8258568493506564,MAT-POS-bfb445d4-2,16
401,2.780618382247811,MAT-POS-bfb445d4-2,17
402,1.9049168276304012,MAT-POS-bfb445d4-2,18
403,2.563013108228521,MAT-POS-bfb445d4-2,19
404,2.7797619511200953,MAT-POS-bfb445d4-2,20
405,2.2980250658070442,MAT-POS-bfb445d4-2,21
406,3.605557529517173,MAT-POS-bfb445d4-2,22
407,3.799932402188686,MAT-POS-bfb445d4-2,23
408,3.626793178941585,MAT-POS-bfb445d4-2,24
409,4.118585827657957,MAT-POS-bfb445d4-2,25
410,0.690823039586295,MIK-ENA-5d9157e9-6,0
411,2.1214589392476504,MIK-ENA-5d9157e9-6,1
412,3.6737161087526333,MIK-ENA-5d9157e9-6,2
413,0.8433420741753717,MAT-POS-5cd9ea36-21,0
414,0.13213026441306533,MAT-POS-5cd9ea36-21,1
415,0.8267912651873871,MAT-POS-5cd9ea36-21,2
416,0.6398108765182902,MAT-POS-5cd9ea36-21,3
417,1.0552229303335579,MAT-POS-5cd9ea36-21,4
418,0.5905253414407882,MAT-POS-5cd9ea36-21,5
419,1.879187856725646,MAT-POS-5cd9ea36-21,6
420,1.749292348138723,MAT-POS-5cd9ea36-21,7
421,1.8015516653744452,MAT-POS-5cd9ea36-21,8
422,2.235671106168051,MAT-POS-5cd9ea36-21,9
423,2.4147513934902527,MAT-POS-5cd9ea36-21,10
424,1.24131767104249,MAT-POS-5cd9ea36-21,11
425,1.1424980977209307,MAT-POS-5cd9ea36-21,12
426,1.4093673917545981,MAT-POS-5cd9ea36-21,13
427,1.4466683566461904,MAT-POS-5cd9ea36-21,14
428,0.6986094848036425,MAT-POS-5cd9ea36-21,15
429,1.4331930245567936,MAT-POS-5cd9ea36-21,16
430,2.0144846396882867,MAT-POS-5cd9ea36-21,17
431,1.9403801551539523,MAT-POS-5cd9ea36-21,18
432,1.9905023762434677,MAT-POS-5cd9ea36-21,19
433,1.4131979683292408,MAT-POS-5cd9ea36-21,20
434,1.4766802633972895,MAT-POS-5cd9ea36-21,21
435,1.614153932266303,MAT-POS-5cd9ea36-21,22
436,1.8551856857360396,MAT-POS-5cd9ea36-21,23
437,1.8312156435987537,MAT-POS-5cd9ea36-21,24
438,2.2395060003622986,MAT-POS-5cd9ea36-21,25
439,2.1241799610363654,MAT-POS-5cd9ea36-21,26
440,1.7835625404477966,MAT-POS-5cd9ea36-21,27
441,0.10813068292091314,EDJ-MED-d08626de-3,0
442,0.7311323881013098,EDJ-MED-d08626de-3,1
443,1.9925778685876923,EDJ-MED-d08626de-3,2
444,2.113772195903958,EDJ-MED-d08626de-3,3
445,0.0891254826274344,RAL-THA-2d450e86-26,0
446,0.8530496920749565,RAL-THA-2d450e86-26,1
447,2.223410518701715,RAL-THA-2d450e86-26,2
448,2.71009622975312,RAL-THA-2d450e86-26,3
449,3.0965045761445094,RAL-THA-2d450e86-26,4
450,2.233723258859949,RAL-THA-2d450e86-26,5
451,1.616662924351128,RAL-THA-2d450e86-26,6
452,0.6920990387429801,MAT-POS-90fd5f68-7,0
453,1.0152436548862886,MAT-POS-90fd5f68-7,1
454,1.4405366562506021,MAT-POS-90fd5f68-7,2
455,1.5230548731895621,MAT-POS-90fd5f68-7,3
456,1.711410191847263,MAT-POS-90fd5f68-7,4
457,1.7749897412815432,MAT-POS-90fd5f68-7,5
458,0.3692302331364668,EDJ-MED-8bb691af-6,0
459,0.9975759111259288,EDJ-MED-8bb691af-6,1
460,0.7353644503855157,EDJ-MED-8bb691af-6,2
461,1.3540696961143703,EDJ-MED-8bb691af-6,3
462,1.76335331985246,EDJ-MED-8bb691af-6,4
463,1.1863938736950126,EDJ-MED-8bb691af-6,5
464,1.042960971909054,EDJ-MED-8bb691af-6,6
465,2.546490292283512,EDJ-MED-8bb691af-6,7
466,1.408155780383528,EDJ-MED-8bb691af-6,8
467,2.028096406331347,EDJ-MED-8bb691af-6,9
468,1.1861326592152241,EDJ-MED-8bb691af-6,10
469,2.173356760547128,EDJ-MED-8bb691af-6,11
470,2.0140352191151787,EDJ-MED-8bb691af-6,12
471,1.8203999938225428,EDJ-MED-8bb691af-6,13
472,3.0750032503124216,EDJ-MED-8bb691af-6,14
473,2.362243811008425,EDJ-MED-8bb691af-6,15
474,5.722366401081839,EDJ-MED-8bb691af-6,16
475,0.10552309644040143,RAL-THA-4aa06b95-1,0
476,0.6760944775399664,RAL-THA-4aa06b95-1,1
477,0.7944820121671398,RAL-THA-4aa06b95-1,2
478,0.5789894805413555,RAL-THA-4aa06b95-1,3
479,1.985191639575141,RAL-THA-4aa06b95-1,4
480,2.130149742126589,RAL-THA-4aa06b95-1,5
481,0.11269119451190135,EDG-MED-0e5afe9d-1,0
482,3.0505611124699707,EDG-MED-0e5afe9d-1,1
483,3.442230798585194,EDG-MED-0e5afe9d-1,2
484,0.647081400329994,EDJ-MED-1981ceba-2,0
485,1.1688011192273982,EDJ-MED-1981ceba-2,1
486,1.2463641103730811,EDJ-MED-1981ceba-2,2
487,0.9384383881163565,EDJ-MED-1981ceba-2,3
488,1.9689925366264744,EDJ-MED-1981ceba-2,4
489,4.309617644678992,EDJ-MED-1981ceba-2,5
490,2.053640755218149,EDJ-MED-1981ceba-2,6
491,2.236146850220686,EDJ-MED-1981ceba-2,7
492,2.148041091906151,EDJ-MED-1981ceba-2,8
493,4.4465564683489625,EDJ-MED-1981ceba-2,9
494,2.3162042318437894,EDJ-MED-1981ceba-2,10
495,4.408896733604609,EDJ-MED-1981ceba-2,11
496,4.6201673327116115,EDJ-MED-1981ceba-2,12
497,3.1317185941482326,EDJ-MED-1981ceba-2,13
498,4.968030705775069,EDJ-MED-1981ceba-2,14
499,2.2213598409514668,EDJ-MED-1981ceba-2,15
500,4.996615574760181,EDJ-MED-1981ceba-2,16
501,2.0793684290231584,EDJ-MED-1981ceba-2,17
502,0.5178224035083508,MAT-POS-853c0ffa-9,0
503,1.072204543614222,MAT-POS-853c0ffa-9,1
504,0.7815670264115273,MAT-POS-853c0ffa-9,2
505,1.2568157362800623,MAT-POS-853c0ffa-9,3
506,1.2099428756551804,MAT-POS-853c0ffa-9,4
507,1.38359411876775,MAT-POS-853c0ffa-9,5
508,1.0679113363562145,MAT-POS-853c0ffa-9,6
509,1.003496649160289,MAT-POS-853c0ffa-9,7
510,1.1448282053381793,MAT-POS-853c0ffa-9,8
511,1.0015089208944614,MAT-POS-853c0ffa-9,9
512,1.3338187893803743,MAT-POS-853c0ffa-9,10
513,1.255595364622814,MAT-POS-853c0ffa-9,11
514,2.7330301492996454,MAT-POS-853c0ffa-9,12
515,2.621841284033064,MAT-POS-853c0ffa-9,13
516,1.4996055261637253,MAT-POS-853c0ffa-9,14
517,2.155891908881253,MAT-POS-853c0ffa-9,15
518,2.4487105565673137,MAT-POS-853c0ffa-9,16
519,1.5583067680848546,MAT-POS-853c0ffa-9,17
520,1.4635812962533188,MAT-POS-853c0ffa-9,18
521,1.72461670933202,MAT-POS-853c0ffa-9,19
522,1.702469483221755,MAT-POS-853c0ffa-9,20
523,3.059643227473325,MAT-POS-853c0ffa-9,21
524,1.2823015816028416,MAT-POS-853c0ffa-9,22
525,1.3338652912853641,MAT-POS-853c0ffa-9,23
526,2.737701903975364,MAT-POS-853c0ffa-9,24
527,1.4196995474964524,MAT-POS-853c0ffa-9,25
528,2.78894020996413,MAT-POS-853c0ffa-9,26
529,1.406971587614043,MAT-POS-853c0ffa-9,27
530,2.2723924972187337,MAT-POS-853c0ffa-9,28
531,1.4380906365753023,MAT-POS-853c0ffa-9,29
532,2.2429410657306827,MAT-POS-853c0ffa-9,30
533,2.6107951778609055,MAT-POS-853c0ffa-9,31
534,0.13538376013387438,MAT-POS-5cd9ea36-15,0
535,0.7866877992015961,MAT-POS-5cd9ea36-15,1
536,0.6627305272398122,MAT-POS-5cd9ea36-15,2
537,0.9216953443141221,MAT-POS-5cd9ea36-15,3
538,0.9521227856435224,MAT-POS-5cd9ea36-15,4
539,0.7098116167844093,MAT-POS-5cd9ea36-15,5
540,1.050022510359794,MAT-POS-5cd9ea36-15,6
541,0.7173125190123217,MAT-POS-5cd9ea36-15,7
542,1.8579241099379291,MAT-POS-5cd9ea36-15,8
543,0.6929885317881302,MAT-POS-5cd9ea36-15,9
544,2.3525224503890634,MAT-POS-5cd9ea36-15,10
545,2.3266867476226234,MAT-POS-5cd9ea36-15,11
546,1.9861981399881594,MAT-POS-5cd9ea36-15,12
547,2.1793226315810954,MAT-POS-5cd9ea36-15,13
548,2.0964186956977677,MAT-POS-5cd9ea36-15,14
549,2.3605002351220854,MAT-POS-5cd9ea36-15,15
550,2.413636207485489,MAT-POS-5cd9ea36-15,16
551,2.288814538625054,MAT-POS-5cd9ea36-15,17
552,1.6113711748358979,MAT-POS-5cd9ea36-15,18
553,1.9803388988669681,MAT-POS-5cd9ea36-15,19
554,2.0152274993176067,MAT-POS-5cd9ea36-15,20
555,2.2504223013525473,MAT-POS-5cd9ea36-15,21
556,3.042994635002961,MAT-POS-5cd9ea36-15,22
557,2.7397269471777563,MAT-POS-5cd9ea36-15,23
558,3.0629754016849033,MAT-POS-5cd9ea36-15,24
559,2.8632542372748517,MAT-POS-5cd9ea36-15,25
560,2.76835377747682,MAT-POS-5cd9ea36-15,26
561,1.8937966954971122,MAT-POS-5cd9ea36-15,27
562,2.0074271136414876,MAT-POS-5cd9ea36-15,28
563,2.0765732457830213,MAT-POS-5cd9ea36-15,29
564,2.0993944770729702,MAT-POS-5cd9ea36-15,30
565,2.1023731375946393,MAT-POS-5cd9ea36-15,31
566,2.081580648700131,MAT-POS-5cd9ea36-15,32
567,2.822085253066699,MAT-POS-5cd9ea36-15,33
568,1.3098968765994266,MAT-POS-5cd9ea36-15,34
569,2.9118700276359823,MAT-POS-5cd9ea36-15,35
570,3.0873779578731706,MAT-POS-5cd9ea36-15,36
571,2.1138574069929947,MAT-POS-5cd9ea36-15,37
572,0.14002273858005138,EDJ-MED-12c4873b-5,0
573,0.7209828811827396,EDJ-MED-12c4873b-5,1
574,0.9183163456619805,EDJ-MED-12c4873b-5,2
575,0.828260039109869,EDJ-MED-12c4873b-5,3
576,0.8146584819302187,EDJ-MED-12c4873b-5,4
577,2.017267544021805,EDJ-MED-12c4873b-5,5
578,2.0401444734485903,EDJ-MED-12c4873b-5,6
579,2.0075085933840584,EDJ-MED-12c4873b-5,7
580,1.3242473653718088,EDJ-MED-12c4873b-5,8
581,2.0206509100037,EDJ-MED-12c4873b-5,9
582,0.7499887883546777,EDJ-MED-12c4873b-5,10
583,4.48899606813721,EDJ-MED-12c4873b-5,11
584,2.1438583518415157,EDJ-MED-12c4873b-5,12
585,2.1048793512387256,EDJ-MED-12c4873b-5,13
586,2.1683574078160333,EDJ-MED-12c4873b-5,14
587,0.08270762351521585,RAL-THA-2d450e86-30,0
588,0.8425770502888594,RAL-THA-2d450e86-30,1
589,1.7067701962694932,RAL-THA-2d450e86-30,2
590,0.6779655431485587,ALP-POS-1cbc2fae-2,0
591,3.6079251569286566,ALP-POS-1cbc2fae-2,1
592,0.6430356646934838,MAT-POS-90fd5f68-38,0
593,0.9692720015668519,MAT-POS-90fd5f68-38,1
594,1.0109189688264117,MAT-POS-90fd5f68-38,2
595,2.6170397300173267,MAT-POS-90fd5f68-38,3
596,3.060426217421355,MAT-POS-90fd5f68-38,4
597,1.7240758307428579,MAT-POS-90fd5f68-38,5
598,0.10818897922536225,EDG-MED-971238d3-1,0
599,0.10645718923120506,BRU-CON-c4e3408a-1,0
600,0.10663508254244292,EDG-MED-5d232de5-3,0
601,0.6796888179124576,EDG-MED-5d232de5-3,1
602,0.736889937760178,EDG-MED-5d232de5-3,2
603,0.9341876574985079,EDG-MED-5d232de5-3,3
604,3.116362386793587,EDG-MED-5d232de5-3,4
605,2.0951351788877415,EDG-MED-5d232de5-3,5
606,2.1212335187585905,EDG-MED-5d232de5-3,6
607,2.8026744134517156,EDG-MED-5d232de5-3,7
608,0.10266680350451021,VLA-UCB-34f3ed0c-11,0
609,0.7566679405328228,MAT-POS-4223bc15-3,0
610,0.7585800194116834,MAT-POS-4223bc15-3,1
611,1.0298067655052758,MAT-POS-4223bc15-3,2
612,0.9240406688956055,MAT-POS-4223bc15-3,3
613,2.0295556184318446,MAT-POS-4223bc15-3,4
614,2.0750572385073243,MAT-POS-4223bc15-3,5
615,2.1058869713349635,MAT-POS-4223bc15-3,6
616,1.017981649441525,MAT-POS-4223bc15-3,7
617,1.2127656870549988,MAT-POS-4223bc15-3,8
618,1.0554665439369333,MAT-POS-4223bc15-3,9
619,1.2992265790541166,MAT-POS-4223bc15-3,10
620,2.1145332504433263,MAT-POS-4223bc15-3,11
621,2.1734069129333475,MAT-POS-4223bc15-3,12
622,1.413853516609677,MAT-POS-4223bc15-3,13
623,1.4482571412573306,MAT-POS-4223bc15-3,14
624,0.13407673619200478,MAT-POS-2e8b2191-10,0
625,0.7864325401362957,MAT-POS-2e8b2191-10,1
626,0.6269505129968017,MAT-POS-2e8b2191-10,2
627,0.6962305896798485,MAT-POS-2e8b2191-10,3
628,1.0393083013168043,MAT-POS-2e8b2191-10,4
629,0.8558829373694454,MAT-POS-2e8b2191-10,5
630,0.9511511904180501,MAT-POS-2e8b2191-10,6
631,0.9873212252317854,MAT-POS-2e8b2191-10,7
632,1.022327657900175,MAT-POS-2e8b2191-10,8
633,0.9010630026633053,MAT-POS-2e8b2191-10,9
634,0.7439415226211765,MAT-POS-2e8b2191-10,10
635,0.6392074016131771,MAT-POS-2e8b2191-10,11
636,0.8167374556925371,MAT-POS-2e8b2191-10,12
637,1.3561505703983607,MAT-POS-2e8b2191-10,13
638,1.2653254001894252,MAT-POS-2e8b2191-10,14
639,1.214428378787456,MAT-POS-2e8b2191-10,15
640,1.0447270145971754,MAT-POS-2e8b2191-10,16
641,1.1675929255655315,MAT-POS-2e8b2191-10,17
642,1.144868636339007,MAT-POS-2e8b2191-10,18
643,1.6935053598087888,MAT-POS-2e8b2191-10,19
644,1.5450888846075266,MAT-POS-2e8b2191-10,20
645,1.2959698076701245,MAT-POS-2e8b2191-10,21
646,3.1332214056835586,MAT-POS-2e8b2191-10,22
647,3.0570501038075677,MAT-POS-2e8b2191-10,23
648,2.9619610227499593,MAT-POS-2e8b2191-10,24
649,2.2403247605745564,MAT-POS-2e8b2191-10,25
650,3.0707618462630064,MAT-POS-2e8b2191-10,26
651,3.1152222845856685,MAT-POS-2e8b2191-10,27
652,2.4462762249154224,MAT-POS-2e8b2191-10,28
653,3.0211992962642698,MAT-POS-2e8b2191-10,29
654,2.9589061450590033,MAT-POS-2e8b2191-10,30
655,2.9329253377391424,MAT-POS-2e8b2191-10,31
656,2.614243152652874,MAT-POS-2e8b2191-10,32
657,3.0495277677478283,MAT-POS-2e8b2191-10,33
658,2.2279134629955104,MAT-POS-2e8b2191-10,34
659,1.0506763360977918,MAT-POS-5cd9ea36-16,0
660,0.9419934209103741,MAT-POS-5cd9ea36-16,1
661,0.6447170770180443,MAT-POS-5cd9ea36-16,2
662,0.8985537049443025,MAT-POS-5cd9ea36-16,3
663,0.9686811707678649,MAT-POS-5cd9ea36-16,4
664,1.407449578313803,MAT-POS-5cd9ea36-16,5
665,1.3718899671941316,MAT-POS-5cd9ea36-16,6
666,1.1328018320903865,MAT-POS-5cd9ea36-16,7
667,1.429718401013955,MAT-POS-5cd9ea36-16,8
668,1.2847391623516953,MAT-POS-5cd9ea36-16,9
669,1.7174943219991425,MAT-POS-5cd9ea36-16,10
670,1.6227546363686696,MAT-POS-5cd9ea36-16,11
671,2.2907931175450673,MAT-POS-5cd9ea36-16,12
672,1.5845342921889896,MAT-POS-5cd9ea36-16,13
673,2.1258949949995576,MAT-POS-5cd9ea36-16,14
674,1.9731930318714817,MAT-POS-5cd9ea36-16,15
675,2.205987362368909,MAT-POS-5cd9ea36-16,16
676,2.6892821223944448,MAT-POS-5cd9ea36-16,17
677,2.2369043688346215,MAT-POS-5cd9ea36-16,18
678,2.328852506643997,MAT-POS-5cd9ea36-16,19
679,4.21596890308105,MAT-POS-5cd9ea36-16,20
680,2.1365772567830645,MAT-POS-5cd9ea36-16,21
681,4.1441399631253155,MAT-POS-5cd9ea36-16,22
682,4.176939106600127,MAT-POS-5cd9ea36-16,23
683,4.184241072604654,MAT-POS-5cd9ea36-16,24
684,2.5075401569394256,MAT-POS-5cd9ea36-16,25
685,4.807319420374977,MAT-POS-5cd9ea36-16,26
686,0.11403936949589732,MAT-POS-8293a91a-8,0
687,0.8903472982384446,MAT-POS-e9e99895-2,0
688,1.8423978535387875,MAT-POS-e9e99895-2,1
689,1.0451003245919284,MAT-POS-e9e99895-2,2
690,0.8247777002192397,MAT-POS-e9e99895-2,3
691,1.3550630233750856,MAT-POS-e9e99895-2,4
692,0.375758305702628,PET-UNK-29afea89-2,0
693,2.0844606862806634,PET-UNK-29afea89-2,1
694,2.8433230855834646,PET-UNK-29afea89-2,2
695,2.4544083137789223,PET-UNK-29afea89-2,3
696,0.207339574221827,ALP-POS-477dc5b7-5,0
697,0.11688970739551045,ALP-POS-6f6ae286-3,0
698,2.3546180291240555,ALP-POS-6f6ae286-3,1
699,3.086925721412528,ALP-POS-6f6ae286-3,2
700,0.6902194804926859,MAT-POS-90fd5f68-28,0
701,0.8932485094095445,MAT-POS-90fd5f68-28,1
702,1.2158806849032682,MAT-POS-90fd5f68-28,2
703,1.6077638120602429,MAT-POS-90fd5f68-28,3
704,1.2921260412200435,MAT-POS-90fd5f68-28,4
705,0.8388627665643803,MAT-POS-90fd5f68-28,5
706,1.121634326036252,MAT-POS-90fd5f68-28,6
707,0.7837654565717185,MAT-POS-90fd5f68-28,7
708,0.9945632010387823,MAT-POS-90fd5f68-28,8
709,1.7499723347330596,MAT-POS-90fd5f68-28,9
710,1.6626921215564492,MAT-POS-90fd5f68-28,10
711,1.4500497289332606,MAT-POS-90fd5f68-28,11
712,1.6040385497427683,MAT-POS-90fd5f68-28,12
713,2.871412996590726,MAT-POS-90fd5f68-28,13
714,1.1395817547643088,MAT-POS-90fd5f68-28,14
715,1.597424749690626,MAT-POS-90fd5f68-28,15
716,1.7115000632371309,MAT-POS-90fd5f68-28,16
717,1.628154266598791,MAT-POS-90fd5f68-28,17
718,1.9683342814647355,MAT-POS-90fd5f68-28,18
719,1.835998551185329,MAT-POS-90fd5f68-28,19
720,0.5159233068131875,EDJ-MED-43f8f7d6-6,0
721,0.7608386589274985,EDJ-MED-43f8f7d6-6,1
722,0.8374605530047393,EDJ-MED-43f8f7d6-6,2
723,1.8648053052305744,EDJ-MED-43f8f7d6-6,3
724,0.6565519811243146,EDJ-MED-43f8f7d6-6,4
725,0.6955538730714527,EDJ-MED-43f8f7d6-6,5
726,0.772160345758255,EDJ-MED-43f8f7d6-6,6
727,1.8672899657388993,EDJ-MED-43f8f7d6-6,7
728,1.9705193909009773,EDJ-MED-43f8f7d6-6,8
729,2.0061866418993444,EDJ-MED-43f8f7d6-6,9
730,1.9299219859564511,EDJ-MED-43f8f7d6-6,10
731,1.5682912878891864,EDJ-MED-43f8f7d6-6,11
732,1.8135413286463664,EDJ-MED-43f8f7d6-6,12
733,2.1635946973645312,EDJ-MED-43f8f7d6-6,13
734,0.12966281182072015,ALP-POS-477dc5b7-4,0
735,0.10584690709325287,EDJ-MED-611d11e7-4,0
736,2.3421786738768375,EDJ-MED-611d11e7-4,1
737,0.11524155095588709,ERI-UCB-d6de1f3c-2,0
738,1.3183911996431554,ERI-UCB-d6de1f3c-2,1
739,2.0718054119841485,ERI-UCB-d6de1f3c-2,2
740,2.419776730519234,ERI-UCB-d6de1f3c-2,3
741,2.4521791588684443,ERI-UCB-d6de1f3c-2,4
742,1.420132079680838,ERI-UCB-d6de1f3c-2,5
743,2.4848229580777175,ERI-UCB-d6de1f3c-2,6
744,3.544319599744601,ERI-UCB-d6de1f3c-2,7
745,2.9117086418790508,ERI-UCB-d6de1f3c-2,8
746,2.741265110273684,ERI-UCB-d6de1f3c-2,9
747,3.310014231144325,ERI-UCB-d6de1f3c-2,10
748,3.849861137339817,ERI-UCB-d6de1f3c-2,11
749,2.894394405385755,ERI-UCB-d6de1f3c-2,12
750,0.09127724094032082,MAT-POS-90fd5f68-37,0
751,0.793097566160338,MAT-POS-90fd5f68-37,1
752,2.4518681626969516,MAT-POS-90fd5f68-37,2
753,3.501708741700624,MAT-POS-90fd5f68-37,3
754,3.25878978819357,MAT-POS-90fd5f68-37,4
755,2.7636347499371428,MAT-POS-90fd5f68-37,5
756,2.910089495364221,MAT-POS-90fd5f68-37,6
757,3.0702278866345694,MAT-POS-90fd5f68-37,7
758,0.6289718365137288,MAT-POS-e9e99895-6,0
759,1.2100869008483275,MAT-POS-e9e99895-6,1
760,1.943777435237551,MAT-POS-e9e99895-6,2
761,1.2586914910330367,MAT-POS-e9e99895-6,3
762,1.5510895756107155,MAT-POS-e9e99895-6,4
763,1.573046892253351,MAT-POS-e9e99895-6,5
764,1.310850348249837,MAT-POS-e9e99895-6,6
765,1.494714102309777,MAT-POS-e9e99895-6,7
766,1.81464077920009,MAT-POS-e9e99895-6,8
767,0.7871107352480016,MAT-POS-e9e99895-6,9
768,1.290756797437795,MAT-POS-e9e99895-6,10
769,1.1453889203702337,MAT-POS-e9e99895-6,11
770,1.664387762145425,MAT-POS-e9e99895-6,12
771,1.8536088179846282,MAT-POS-e9e99895-6,13
772,1.4504912085997776,MAT-POS-e9e99895-6,14
773,2.015293311376197,MAT-POS-e9e99895-6,15
774,1.7456714750406628,MAT-POS-e9e99895-6,16
775,2.0950991388236937,MAT-POS-e9e99895-6,17
776,2.3540481161504974,MAT-POS-e9e99895-6,18
777,2.150781203127254,MAT-POS-e9e99895-6,19
778,2.0890006985079177,MAT-POS-e9e99895-6,20
779,2.1251605890668372,MAT-POS-e9e99895-6,21
780,0.10736078837101602,EDJ-MED-e4b030d8-11,0
781,3.483407609508547,EDJ-MED-e4b030d8-11,1
782,0.6977393472933855,MIK-UNK-78dbf1b8-1,0
783,0.973611857454053,MIK-UNK-78dbf1b8-1,1
784,2.1050096888164376,MIK-UNK-78dbf1b8-1,2
785,2.1480386738411408,MIK-UNK-78dbf1b8-1,3
786,2.9298528072503363,MIK-UNK-78dbf1b8-1,4
787,2.6340063568480936,MIK-UNK-78dbf1b8-1,5
788,3.226000113114397,MIK-UNK-78dbf1b8-1,6
789,0.10693431468006263,EDG-MED-b1ef7fe3-1,0
790,0.6419646481778489,EDG-MED-b1ef7fe3-1,1
791,0.5129476242745887,EDG-MED-b1ef7fe3-1,2
792,0.6300548726687987,EDG-MED-b1ef7fe3-1,3
793,0.9850028135599312,EDG-MED-b1ef7fe3-1,4
794,2.103446021926742,EDG-MED-b1ef7fe3-1,5
795,2.2180725718984378,EDG-MED-b1ef7fe3-1,6
796,2.361245868817576,EDG-MED-b1ef7fe3-1,7
797,2.027771114676582,EDG-MED-b1ef7fe3-1,8
798,1.9453541924016313,EDG-MED-b1ef7fe3-1,9
799,0.12679268037992172,MAT-POS-fb82b63d-3,0
800,0.7040585245639503,MAT-POS-fb82b63d-3,1
801,2.1437086673411225,MAT-POS-fb82b63d-3,2
802,1.0677972193332426,RAL-THA-2d450e86-1,0
803,0.10215499548346632,MAT-POS-f9802937-7,0
804,0.5529106666814421,MAT-POS-f9802937-7,1
805,2.737756171905169,MAT-POS-f9802937-7,2
806,0.10616763799599051,EDG-MED-5d232de5-6,0
807,0.5837063399318461,EDG-MED-5d232de5-6,1
808,2.172325621673925,EDG-MED-5d232de5-6,2
809,0.13148537673792807,MAT-POS-de59a476-4,0
810,0.9699951429009114,MAT-POS-de59a476-4,1
811,0.7869161042664291,MAT-POS-de59a476-4,2
812,1.2684245038402662,MAT-POS-de59a476-4,3
813,1.9583753605814214,MAT-POS-de59a476-4,4
814,1.5122077900366977,MAT-POS-de59a476-4,5
815,1.9753143126856474,MAT-POS-de59a476-4,6
816,2.053891552628387,MAT-POS-de59a476-4,7
817,2.8368563092473895,MAT-POS-de59a476-4,8
818,2.7964320256190343,MAT-POS-de59a476-4,9
819,1.0325856663293695,MAT-POS-4223bc15-11,0
820,0.811543979424822,MAT-POS-4223bc15-11,1
821,0.6249193328915889,MAT-POS-4223bc15-11,2
822,0.9984172177419602,MAT-POS-4223bc15-11,3
823,1.0187772108176905,MAT-POS-4223bc15-11,4
824,1.0707750742266446,MAT-POS-4223bc15-11,5
825,1.6133914837124563,MAT-POS-4223bc15-11,6
826,1.3581745264819347,MAT-POS-4223bc15-11,7
827,1.6195893705969118,MAT-POS-4223bc15-11,8
828,1.89536858398571,MAT-POS-4223bc15-11,9
829,1.2692515773115731,MAT-POS-4223bc15-11,10
830,1.5440850237981603,MAT-POS-4223bc15-11,11
831,2.054749356246768,MAT-POS-4223bc15-11,12
832,4.546528642181585,MAT-POS-4223bc15-11,13
833,4.486791164998561,MAT-POS-4223bc15-11,14
834,2.0584363878682805,MAT-POS-4223bc15-11,15
835,2.0828531648860507,MAT-POS-4223bc15-11,16
836,1.9079713703590455,MAT-POS-4223bc15-11,17
837,1.9451352941798468,MAT-POS-4223bc15-11,18
838,2.2721011154475566,MAT-POS-4223bc15-11,19
839,4.46348102500327,MAT-POS-4223bc15-11,20
840,2.1583747306281293,MAT-POS-4223bc15-11,21
841,4.749835402894101,MAT-POS-4223bc15-11,22
842,2.936497495137887,MAT-POS-4223bc15-11,23
843,6.299590730086669,MAT-POS-4223bc15-11,24
844,5.0564261955354315,MAT-POS-4223bc15-11,25
845,0.15745542238646465,MAT-POS-c7726e07-5,0
846,0.5264068184250549,MAT-POS-c7726e07-5,1
847,0.5898898573541443,MAT-POS-c7726e07-5,2
848,0.850927322870649,MAT-POS-c7726e07-5,3
849,1.8447868933663187,MAT-POS-c7726e07-5,4
850,1.1113664468245332,MAT-POS-c7726e07-5,5
851,1.1325604112916665,MAT-POS-c7726e07-5,6
852,1.8225448605713381,MAT-POS-e9e99895-13,0
853,1.0446294834199614,MAT-POS-e9e99895-13,1
854,0.7004338632555652,MAT-POS-e9e99895-13,2
855,1.9654427570553712,MAT-POS-e9e99895-13,3
856,1.951577131482143,MAT-POS-e9e99895-13,4
857,1.0182525768088273,MAT-POS-e9e99895-13,5
858,1.129459542778167,MAT-POS-e9e99895-13,6
859,2.188907687703305,MAT-POS-e9e99895-13,7
860,2.189612359076547,MAT-POS-e9e99895-13,8
861,2.123069981567834,MAT-POS-e9e99895-13,9
862,2.0148357652877578,MAT-POS-e9e99895-13,10
863,2.1327744298498517,MAT-POS-e9e99895-13,11
864,1.77837683929172,MAT-POS-e9e99895-13,12
865,2.0723104584673604,MAT-POS-e9e99895-13,13
866,0.10793583705096393,LON-WEI-9739a092-6,0
867,0.6399256245724912,LON-WEI-9739a092-6,1
868,0.8992618181777376,LON-WEI-9739a092-6,2
869,1.7727339255696297,LON-WEI-9739a092-6,3
870,0.8379104688343163,LON-WEI-9739a092-6,4
871,2.0703383921856675,LON-WEI-9739a092-6,5
872,1.0939581570976997,LON-WEI-9739a092-6,6
873,1.418478931078307,LON-WEI-9739a092-6,7
874,0.10891909679346255,VLA-UCB-50c39ae8-7,0
875,6.894265247308567,VLA-UCB-50c39ae8-7,1
876,7.08894367085682,VLA-UCB-50c39ae8-7,2
877,7.06915421295081,VLA-UCB-50c39ae8-7,3
878,6.9911300951732676,VLA-UCB-50c39ae8-7,4
879,7.018874322115998,VLA-UCB-50c39ae8-7,5
880,2.390159998891853,VLA-UCB-50c39ae8-7,6
881,2.749934325149597,VLA-UCB-50c39ae8-7,7
882,0.6276744503447035,MAT-POS-5cd9ea36-22,0
883,0.9406998438642751,MAT-POS-5cd9ea36-22,1
884,0.146145298515205,MAT-POS-5cd9ea36-22,2
885,0.5556423726764294,MAT-POS-5cd9ea36-22,3
886,1.1835373562519353,MAT-POS-5cd9ea36-22,4
887,0.5603098295362225,MAT-POS-5cd9ea36-22,5
888,0.803476975105671,MAT-POS-5cd9ea36-22,6
889,1.287632571188343,MAT-POS-5cd9ea36-22,7
890,0.799948716034683,MAT-POS-5cd9ea36-22,8
891,1.802208595985543,MAT-POS-5cd9ea36-22,9
892,1.795960213098157,MAT-POS-5cd9ea36-22,10
893,1.9080634185494538,MAT-POS-5cd9ea36-22,11
894,2.333261057713542,MAT-POS-5cd9ea36-22,12
895,1.3072462800446487,MAT-POS-5cd9ea36-22,13
896,1.497272605554677,MAT-POS-5cd9ea36-22,14
897,1.7161551320471964,MAT-POS-5cd9ea36-22,15
898,1.4009326014827381,MAT-POS-5cd9ea36-22,16
899,1.4220149846576446,MAT-POS-5cd9ea36-22,17
900,1.2600030554932165,MAT-POS-5cd9ea36-22,18
901,1.5127384937250383,MAT-POS-5cd9ea36-22,19
902,1.4009816177537509,MAT-POS-5cd9ea36-22,20
903,1.3282483710139155,MAT-POS-5cd9ea36-22,21
904,1.84308091239621,MAT-POS-5cd9ea36-22,22
905,2.3528386342223766,MAT-POS-5cd9ea36-22,23
906,1.8878579040148429,MAT-POS-5cd9ea36-22,24
907,2.2517090394687647,MAT-POS-5cd9ea36-22,25
908,1.938549448917493,MAT-POS-5cd9ea36-22,26
909,2.044942994824334,MAT-POS-5cd9ea36-22,27
910,1.9163736264700284,MAT-POS-5cd9ea36-22,28
911,1.3705315039282575,MAT-POS-5cd9ea36-22,29
912,1.8989810089837544,MAT-POS-5cd9ea36-22,30
913,3.0966074047908214,MAT-POS-5cd9ea36-22,31
914,1.987750311403616,MAT-POS-5cd9ea36-22,32
915,1.403185066032575,MAT-POS-5cd9ea36-22,33
916,2.375862943590158,MAT-POS-5cd9ea36-22,34
917,5.119578964496089,MAT-POS-5cd9ea36-22,35
918,0.14937357542556742,EDG-MED-ba1ac7b9-13,0
919,0.687409202280949,EDG-MED-ba1ac7b9-13,1
920,1.0994766520823032,EDG-MED-ba1ac7b9-13,2
921,0.9953675837973538,EDG-MED-ba1ac7b9-13,3
922,0.09922732680901572,ALP-POS-e0fe77e5-13,0
923,1.992252698893437,ALP-POS-e0fe77e5-13,1
924,6.78590153417108,ALP-POS-e0fe77e5-13,2
925,0.09496958006689013,ALP-POS-ce760d3f-8,0
926,2.341248105829762,ALP-POS-ce760d3f-8,1
927,4.549845965940231,ALP-POS-ce760d3f-8,2
928,0.10332045225680471,MAT-POS-2e8b2191-12,0
929,0.5750161017249443,MAT-POS-2e8b2191-12,1
930,0.6452396951456575,MAT-POS-2e8b2191-12,2
931,0.5404658162992694,MAT-POS-2e8b2191-12,3
932,1.01972070043788,MAT-POS-2e8b2191-12,4
933,0.9677795017089704,MAT-POS-2e8b2191-12,5
934,1.0579139585699628,MAT-POS-2e8b2191-12,6
935,1.1644815790837413,MAT-POS-2e8b2191-12,7
936,1.1240333387116421,MAT-POS-2e8b2191-12,8
937,1.1619838213027156,MAT-POS-2e8b2191-12,9
938,1.0827145414469046,MAT-POS-2e8b2191-12,10
939,1.2218464428092213,MAT-POS-2e8b2191-12,11
940,0.8818404889452874,MAT-POS-2e8b2191-12,12
941,3.865691070261929,MAT-POS-2e8b2191-12,13
942,1.340682912693428,MAT-POS-2e8b2191-12,14
943,4.070355657835874,MAT-POS-2e8b2191-12,15
944,3.1733332696570398,MAT-POS-2e8b2191-12,16
945,3.8445566373824835,MAT-POS-2e8b2191-12,17
946,3.944143043599952,MAT-POS-2e8b2191-12,18
947,1.5236224806724346,MAT-POS-2e8b2191-12,19
948,1.6032496088881723,MAT-POS-2e8b2191-12,20
949,3.8094445521642406,MAT-POS-2e8b2191-12,21
950,3.1489797817437766,MAT-POS-2e8b2191-12,22
951,4.461574437903111,MAT-POS-2e8b2191-12,23
952,3.154302626601483,MAT-POS-2e8b2191-12,24
953,0.10001707348202928,EDJ-MED-2f867453-1,0
954,0.631750052829748,LON-WEI-9739a092-9 ,0
955,0.9394074339837553,LON-WEI-9739a092-9 ,1
956,1.9416724095036717,LON-WEI-9739a092-9 ,2
957,2.226455168640773,LON-WEI-9739a092-9 ,3
958,2.573986316122466,LON-WEI-9739a092-9 ,4
959,0.15020827108310336,MAT-POS-e119ab4f-3,0
960,0.6824882828039606,MAT-POS-e119ab4f-3,1
961,0.9177171455760352,MAT-POS-e119ab4f-3,2
962,2.054242748164906,MAT-POS-e119ab4f-3,3
963,0.9882852212604245,MAT-POS-e119ab4f-3,4
964,1.0925897970750227,MAT-POS-e119ab4f-3,5
965,1.3975307419312073,MAT-POS-e119ab4f-3,6
966,2.1986639483322503,MAT-POS-e119ab4f-3,7
967,2.1348979941409403,MAT-POS-e119ab4f-3,8
968,1.2032018984954203,MAT-POS-e119ab4f-3,9
969,4.248327279561618,MAT-POS-e119ab4f-3,10
970,4.270044087317215,MAT-POS-e119ab4f-3,11
971,1.6176662787036054,MAT-POS-e119ab4f-3,12
972,2.434702215127099,MAT-POS-e119ab4f-3,13
973,2.2663778057334096,MAT-POS-e119ab4f-3,14
974,1.5818079478247604,MAT-POS-e119ab4f-3,15
975,4.775313961508061,MAT-POS-e119ab4f-3,16
976,0.6334776420973579,MAT-POS-90fd5f68-31,0
977,0.6066246210781685,MAT-POS-90fd5f68-31,1
978,1.4791742243331787,MAT-POS-90fd5f68-31,2
979,1.5487462722637715,MAT-POS-90fd5f68-31,3
980,1.347090574186202,MAT-POS-90fd5f68-31,4
981,1.0375412146372887,MAT-POS-90fd5f68-31,5
982,2.1294041609157848,MAT-POS-90fd5f68-31,6
983,1.547910742113476,MAT-POS-90fd5f68-31,7
984,1.5554922016686397,MAT-POS-90fd5f68-31,8
985,2.177390099012786,MAT-POS-90fd5f68-31,9
986,2.7178994335877347,MAT-POS-90fd5f68-31,10
987,1.4296970612206394,MAT-POS-90fd5f68-31,11
988,1.5626766551337532,MAT-POS-90fd5f68-31,12
989,1.5175194910611354,MAT-POS-90fd5f68-31,13
990,0.0868065722930374,RAL-THA-2d450e86-10,0
991,2.6701168842564584,RAL-THA-2d450e86-10,1
992,0.10886553045953595,EDG-MED-ba1ac7b9-21,0
993,0.602371930038957,EDG-MED-ba1ac7b9-21,1
994,0.6604493026378307,EDG-MED-ba1ac7b9-21,2
995,0.9063332297688798,EDG-MED-ba1ac7b9-21,3
996,2.399262158717631,EDG-MED-ba1ac7b9-21,4
997,2.655908518728755,EDG-MED-ba1ac7b9-21,5
998,1.4342278332008673,EDG-MED-ba1ac7b9-21,6
999,1.9037519651067931,EDG-MED-ba1ac7b9-21,7
1000,2.0190449374047885,EDG-MED-ba1ac7b9-21,8
1001,1.2288706621997008,EDG-MED-ba1ac7b9-21,9
1002,5.996273046522052,EDG-MED-ba1ac7b9-21,10
1003,1.9521349286076046,EDG-MED-ba1ac7b9-21,11
1004,2.127021950012786,EDG-MED-ba1ac7b9-21,12
1005,2.2036369752809257,EDG-MED-ba1ac7b9-21,13
1006,0.11269889348807889,MAT-POS-dd3ad2b5-2,0
1007,0.6691232172305396,MAT-POS-dd3ad2b5-2,1
1008,1.502027187492862,MAT-POS-dd3ad2b5-2,2
1009,1.3372426963135797,MAT-POS-dd3ad2b5-2,3
1010,1.0208834322111493,MAT-POS-dd3ad2b5-2,4
1011,0.10950774197620351,MAT-POS-90fd5f68-20,0
1012,0.723276755384791,MAT-POS-90fd5f68-20,1
1013,0.8261783220861088,MAT-POS-90fd5f68-20,2
1014,1.0161081107485384,MAT-POS-90fd5f68-20,3
1015,1.4974148733771662,MAT-POS-90fd5f68-20,4
1016,1.4946944452845903,MAT-POS-90fd5f68-20,5
1017,2.3082892487674878,MAT-POS-90fd5f68-20,6
1018,3.8131044728070354,MAT-POS-90fd5f68-20,7
1019,1.6265726781211618,MAT-POS-90fd5f68-20,8
1020,2.9193529265474454,MAT-POS-90fd5f68-20,9
1021,2.801869665267268,MAT-POS-90fd5f68-20,10
1022,1.7169119019647732,MAT-POS-90fd5f68-20,11
1023,3.8740808090224057,MAT-POS-90fd5f68-20,12
1024,2.0717946699492042,MAT-POS-90fd5f68-20,13
1025,3.915834205229675,MAT-POS-90fd5f68-20,14
1026,3.3280192000932165,MAT-POS-90fd5f68-20,15
1027,3.1403645383585723,MAT-POS-90fd5f68-20,16
1028,2.3733280933901995,MAT-POS-90fd5f68-20,17
1029,0.2278025796902496,EDJ-MED-43f8f7d6-4,0
1030,0.5919564958479726,EDJ-MED-43f8f7d6-4,1
1031,1.6587103113810342,EDJ-MED-43f8f7d6-4,2
1032,1.3924784019073395,EDJ-MED-43f8f7d6-4,3
1033,1.5563636595434254,EDJ-MED-43f8f7d6-4,4
1034,0.7079097047308037,EDJ-MED-43f8f7d6-4,5
1035,1.8315451258781008,EDJ-MED-43f8f7d6-4,6
1036,0.7332289621346652,EDJ-MED-43f8f7d6-4,7
1037,0.7383636232989991,EDJ-MED-43f8f7d6-4,8
1038,0.726030132143539,EDJ-MED-43f8f7d6-4,9
1039,1.3515240537465731,EDJ-MED-43f8f7d6-4,10
1040,1.9149810786327295,EDJ-MED-43f8f7d6-4,11
1041,2.0154886894378703,EDJ-MED-43f8f7d6-4,12
1042,1.9493799182702394,EDJ-MED-43f8f7d6-4,13
1043,2.380927501857208,EDJ-MED-43f8f7d6-4,14
1044,2.3409646065174265,EDJ-MED-43f8f7d6-4,15
1045,2.0842865066103475,EDJ-MED-43f8f7d6-4,16
1046,2.3464788493518283,EDJ-MED-43f8f7d6-4,17
1047,2.4577016194029624,EDJ-MED-43f8f7d6-4,18
1048,1.8443527814993488,EDJ-MED-43f8f7d6-4,19
1049,4.588055502792871,EDJ-MED-43f8f7d6-4,20
1050,4.915640201324166,EDJ-MED-43f8f7d6-4,21
1051,6.517747670280805,EDJ-MED-43f8f7d6-4,22
1052,1.1763390081137532,MAT-POS-e9e99895-11,0
1053,0.8103517454828969,MAT-POS-e9e99895-11,1
1054,1.0392406813705353,MAT-POS-e9e99895-11,2
1055,2.369260552883808,MAT-POS-e9e99895-11,3
1056,1.8469641295097432,MAT-POS-e9e99895-11,4
1057,1.7986594402317078,MAT-POS-e9e99895-11,5
1058,4.423770338144585,MAT-POS-e9e99895-11,6
1059,2.119194240869807,MAT-POS-e9e99895-11,7
1060,2.0874357657524456,MAT-POS-e9e99895-11,8
1061,2.256560019338299,MAT-POS-e9e99895-11,9
1062,4.30851016528819,MAT-POS-e9e99895-11,10
1063,2.004420900836088,MAT-POS-e9e99895-11,11
1064,2.0189286628428094,MAT-POS-e9e99895-11,12
1065,1.8000178386454375,MAT-POS-e9e99895-11,13
1066,1.8683695935104094,MAT-POS-e9e99895-11,14
1067,2.107456857885123,MAT-POS-e9e99895-11,15
1068,2.625625942747684,MAT-POS-e9e99895-11,16
1069,0.09893789195088673,MAT-POS-96f51285-5,0
1070,7.38080834386054,MAT-POS-96f51285-5,1
1071,4.077333236815213,MAT-POS-96f51285-5,2
1072,0.08676313877981329,MAT-POS-90fd5f68-22,0
1073,0.7296406654563455,MAT-POS-90fd5f68-22,1
1074,0.8540694531498939,MAT-POS-90fd5f68-22,2
1075,1.1139255166886202,MAT-POS-90fd5f68-22,3
1076,2.3477731038740997,MAT-POS-90fd5f68-22,4
1077,2.8574010716283467,MAT-POS-90fd5f68-22,5
1078,1.8067258011412528,MAT-POS-90fd5f68-22,6
1079,2.020316339535213,MAT-POS-90fd5f68-22,7
1080,3.1357134232712305,MAT-POS-90fd5f68-22,8
1081,3.8484767253553245,MAT-POS-90fd5f68-22,9
1082,2.4582057764101126,MAT-POS-90fd5f68-22,10
1083,3.0606798325960596,MAT-POS-90fd5f68-22,11
1084,0.09677425822108335,PET-UNK-bb7ffe78-1,0
1085,0.7575790218672643,PET-UNK-bb7ffe78-1,1
1086,2.231036593693449,PET-UNK-bb7ffe78-1,2
1087,2.088998769105919,PET-UNK-bb7ffe78-1,3
1088,2.3079086504773834,PET-UNK-bb7ffe78-1,4
1089,2.154992464692474,PET-UNK-bb7ffe78-1,5
1090,2.5409857737021895,PET-UNK-bb7ffe78-1,6
1091,0.11924262080481837,VLA-UNK-82501c2c-1,0
1092,1.4728496326813014,VLA-UNK-82501c2c-1,1
1093,0.8057991279677299,VLA-UNK-82501c2c-1,2
1094,2.292852998201716,VLA-UNK-82501c2c-1,3
1095,3.8757637921716044,VLA-UNK-82501c2c-1,4
1096,0.15418865773247964,MAT-POS-4223bc15-23,0
1097,0.6947875971056081,MAT-POS-4223bc15-23,1
1098,0.7157632211403311,MAT-POS-4223bc15-23,2
1099,1.909872746407179,MAT-POS-4223bc15-23,3
1100,2.028983496914921,MAT-POS-4223bc15-23,4
1101,1.0678536722351892,MAT-POS-4223bc15-23,5
1102,2.0443161316913687,MAT-POS-4223bc15-23,6
1103,1.0565423890585135,MAT-POS-4223bc15-23,7
1104,1.0917460827608887,MAT-POS-4223bc15-23,8
1105,2.1690584588262607,MAT-POS-4223bc15-23,9
1106,0.14650904567107828,MAT-POS-5cd9ea36-13,0
1107,0.6566734123630291,MAT-POS-5cd9ea36-13,1
1108,0.7689580780904044,MAT-POS-5cd9ea36-13,2
1109,0.8286106141099271,MAT-POS-5cd9ea36-13,3
1110,1.8546822187343608,MAT-POS-5cd9ea36-13,4
1111,0.20999794222681806,EDJ-MED-6bf93aa8-1,0
1112,1.213267820327571,EDJ-MED-6bf93aa8-1,1
1113,2.9670550524793176,EDJ-MED-6bf93aa8-1,2
1114,3.25031613872815,EDJ-MED-6bf93aa8-1,3
1115,3.621598762842839,EDJ-MED-6bf93aa8-1,4
1116,3.290056682515767,EDJ-MED-6bf93aa8-1,5
1117,3.0519767235601893,EDJ-MED-6bf93aa8-1,6
1118,2.45412791562221,EDJ-MED-6bf93aa8-1,7
1119,0.23561913658380848,EDG-MED-ba1ac7b9-11,0
1120,0.6969536888781319,EDG-MED-ba1ac7b9-11,1
1121,1.8218434103608987,EDG-MED-ba1ac7b9-11,2
1122,2.2357115505041385,EDG-MED-ba1ac7b9-11,3
1123,2.2408706519815773,EDG-MED-ba1ac7b9-11,4
1124,1.1966735374787634,EDG-MED-ba1ac7b9-11,5
1125,2.1876291004898785,EDG-MED-ba1ac7b9-11,6
1126,2.310856314489672,EDG-MED-ba1ac7b9-11,7
1127,2.2561070703728787,EDG-MED-ba1ac7b9-11,8
1128,2.07536927080006,EDG-MED-ba1ac7b9-11,9
1129,1.8444875939318577,EDG-MED-ba1ac7b9-11,10
1130,2.7638624767250874,EDG-MED-ba1ac7b9-11,11
1131,2.7511109370923883,EDG-MED-ba1ac7b9-11,12
1132,5.511112184650322,EDG-MED-ba1ac7b9-11,13
1133,7.898449769872979,EDG-MED-ba1ac7b9-11,14
1134,0.10092932133776414,MAT-POS-86c60949-2,0
1135,0.6419207831334102,MAT-POS-86c60949-2,1
1136,0.834513851305651,MAT-POS-86c60949-2,2
1137,0.8457449784717148,MAT-POS-86c60949-2,3
1138,0.5548097406872612,MAT-POS-86c60949-2,4
1139,1.0257242019612292,MAT-POS-86c60949-2,5
1140,1.032524392696198,MAT-POS-86c60949-2,6
1141,2.673752321351407,MAT-POS-86c60949-2,7
1142,2.511098628771508,MAT-POS-86c60949-2,8
1143,2.7921754939100687,MAT-POS-86c60949-2,9
1144,3.482293148857033,MAT-POS-86c60949-2,10
1145,3.3043102715066652,MAT-POS-86c60949-2,11
1146,2.796287474131366,MAT-POS-86c60949-2,12
1147,3.0258501922453624,MAT-POS-86c60949-2,13
1148,2.851903264772421,MAT-POS-86c60949-2,14
1149,2.1530204741857086,MAT-POS-86c60949-2,15
1150,0.11322446393758154,ALP-UNI-3735e77e-1,0
1151,2.099633521811695,ALP-UNI-3735e77e-1,1
1152,1.3209275406677636,ALP-UNI-3735e77e-1,2
1153,2.3139248446993843,ALP-UNI-3735e77e-1,3
1154,3.7260340513361125,ALP-UNI-3735e77e-1,4
1155,0.11721938405346446,ALP-UNI-3735e77e-2,0
1156,3.0874190014755487,ALP-UNI-3735e77e-2,1
1157,0.1362377877021076,MAT-POS-fce787c2-5,0
1158,0.7497179236441267,MAT-POS-fce787c2-5,1
1159,3.8798007555017886,MAT-POS-fce787c2-5,2
1160,3.946824670376661,MAT-POS-fce787c2-5,3
1161,2.1066174873783403,MAT-POS-fce787c2-5,4
1162,3.0576067606077513,MAT-POS-fce787c2-5,5
1163,3.297926312620926,MAT-POS-fce787c2-5,6
1164,3.4196329227960036,MAT-POS-fce787c2-5,7
1165,5.130131950988219,MAT-POS-fce787c2-5,8
1166,0.738126208607986,JIN-POS-6dc588a4-6,0
1167,1.0364433582575996,JIN-POS-6dc588a4-6,1
1168,1.0694419226743397,JIN-POS-6dc588a4-6,2
1169,1.6510318060332838,JIN-POS-6dc588a4-6,3
1170,2.245970012107995,JIN-POS-6dc588a4-6,4
1171,2.3096432946145855,JIN-POS-6dc588a4-6,5
1172,4.717207014509444,JIN-POS-6dc588a4-6,6
1173,1.5092748351271563,ALP-POS-c3a96089-4,0
1174,0.8484608059248934,ALP-POS-c3a96089-4,1
1175,0.7720345742479813,ALP-POS-c3a96089-4,2
1176,1.479026589460623,ALP-POS-c3a96089-4,3
1177,1.083599427753851,ALP-POS-c3a96089-4,4
1178,1.6504546096305424,ALP-POS-c3a96089-4,5
1179,2.096514798801462,ALP-POS-c3a96089-4,6
1180,1.6203158636544208,ALP-POS-c3a96089-4,7
1181,1.9692311641364733,ALP-POS-c3a96089-4,8
1182,2.3696950339372096,ALP-POS-c3a96089-4,9
1183,1.999334769461298,ALP-POS-c3a96089-4,10
1184,2.403818846948057,ALP-POS-c3a96089-4,11
1185,2.0558860083552934,ALP-POS-c3a96089-4,12
1186,1.0435622703688658,ALP-POS-c3a96089-4,13
1187,2.351369718805234,ALP-POS-c3a96089-4,14
1188,4.094364845821419,ALP-POS-c3a96089-4,15
1189,3.294560230692018,ALP-POS-c3a96089-4,16
1190,0.6351982953187937,MAT-POS-fce787c2-6,0
1191,0.8529088486436256,MAT-POS-fce787c2-6,1
1192,0.9322590502760354,MAT-POS-fce787c2-6,2
1193,0.10575183951628289,ALP-POS-a577c8a2-1,0
1194,2.0367024891857812,ALP-POS-a577c8a2-1,1
1195,0.0964113203357422,VLA-UCB-50c39ae8-2,0
1196,1.9938866247321534,VLA-UCB-50c39ae8-2,1
1197,0.11022436653800731,MAT-POS-dd3ad2b5-3,0
1198,0.6827853682176376,MAT-POS-dd3ad2b5-3,1
1199,1.9970348103908742,MAT-POS-dd3ad2b5-3,2
1200,1.3009743838109007,MAT-POS-dd3ad2b5-3,3
1201,0.772551567559324,MAT-POS-dd3ad2b5-3,4
1202,2.1202960021272523,MAT-POS-dd3ad2b5-3,5
1203,3.5938957918251777,MAT-POS-dd3ad2b5-3,6
1204,4.0806547149146395,MAT-POS-dd3ad2b5-3,7
1205,3.8609107478114195,MAT-POS-dd3ad2b5-3,8
1206,3.5650532728616544,MAT-POS-dd3ad2b5-3,9
1207,0.09815990753106416,MAT-POS-90fd5f68-19,0
1208,0.7064172784485298,MAT-POS-90fd5f68-19,1
1209,1.4588962667649297,MAT-POS-90fd5f68-19,2
1210,2.2755892836223297,MAT-POS-90fd5f68-19,3
1211,1.5901849416717255,MAT-POS-90fd5f68-19,4
1212,1.4411893310083583,MAT-POS-90fd5f68-19,5
1213,3.0564386511705455,MAT-POS-90fd5f68-19,6
1214,3.428681753626233,MAT-POS-90fd5f68-19,7
1215,3.3612683977634505,MAT-POS-90fd5f68-19,8
1216,3.481105909250068,MAT-POS-90fd5f68-19,9
1217,2.551077041744762,MAT-POS-90fd5f68-19,10
1218,2.7015030538037212,MAT-POS-90fd5f68-19,11
1219,1.6025796251010782,MAT-POS-90fd5f68-19,12
1220,3.4452112642228263,MAT-POS-90fd5f68-19,13
1221,3.5895581530413545,MAT-POS-90fd5f68-19,14
1222,3.517330183071898,MAT-POS-90fd5f68-19,15
1223,3.4345770914797873,MAT-POS-90fd5f68-19,16
1224,3.717679254161302,MAT-POS-90fd5f68-19,17
1225,0.12983820071739038,MAT-POS-fb82b63d-1,0
1226,2.1096698441673394,MAT-POS-fb82b63d-1,1
1227,0.14745596288403887,MAT-POS-fce787c2-4,0
1228,0.7614857497717069,MAT-POS-fce787c2-4,1
1229,0.9039144975167338,MAT-POS-fce787c2-4,2
1230,2.2652973852555167,MAT-POS-fce787c2-4,3
1231,1.7073505104358362,MAT-POS-fce787c2-4,4
1232,5.189570991089607,MAT-POS-fce787c2-4,5
1233,3.8746679070935466,MAT-POS-fce787c2-4,6
1234,3.7703723864168848,MAT-POS-fce787c2-4,7
1235,0.3894901887996333,ALP-POS-ecbed2ba-12,0
1236,0.5796779619497802,ALP-POS-ecbed2ba-12,1
1237,0.6333668980058899,ALP-POS-ecbed2ba-12,2
1238,0.7672411630794377,ALP-POS-ecbed2ba-12,3
1239,0.7335246609010891,ALP-POS-ecbed2ba-12,4
1240,0.8360124680594483,ALP-POS-ecbed2ba-12,5
1241,0.8072788686895146,ALP-POS-ecbed2ba-12,6
1242,1.8069485873166393,ALP-POS-ecbed2ba-12,7
1243,1.0473780128435464,ALP-POS-ecbed2ba-12,8
1244,1.1337776939350848,ALP-POS-ecbed2ba-12,9
1245,1.869299247238656,ALP-POS-ecbed2ba-12,10
1246,1.964043688134535,ALP-POS-ecbed2ba-12,11
1247,0.11057402173561386,EDJ-MED-8bb691af-8,0
1248,0.6625973419189964,EDJ-MED-8bb691af-8,1
1249,1.8266275341100175,EDJ-MED-8bb691af-8,2
1250,1.0012284130522684,EDJ-MED-8bb691af-8,3
1251,1.8954880792034203,EDJ-MED-8bb691af-8,4
1252,2.165176505492543,EDJ-MED-8bb691af-8,5
1253,1.955303722841179,EDJ-MED-8bb691af-8,6
1254,2.220456085348865,EDJ-MED-8bb691af-8,7
1255,2.3864712142072397,EDJ-MED-8bb691af-8,8
1256,1.7343157628002333,EDJ-MED-8bb691af-8,9
1257,2.059143504740292,EDJ-MED-8bb691af-8,10
1258,0.15348341894082596,MAT-POS-4223bc15-28,0
1259,0.7867969188929225,MAT-POS-4223bc15-28,1
1260,0.7449569378366785,MAT-POS-4223bc15-28,2
1261,0.5802199919446858,MAT-POS-4223bc15-28,3
1262,0.8911397609359656,MAT-POS-4223bc15-28,4
1263,1.040147883792613,MAT-POS-4223bc15-28,5
1264,2.096662107988647,MAT-POS-4223bc15-28,6
1265,2.098669966231859,MAT-POS-4223bc15-28,7
1266,2.0923803968771204,MAT-POS-4223bc15-28,8
1267,2.029599340479404,MAT-POS-4223bc15-28,9
1268,4.390099551025384,MAT-POS-4223bc15-28,10
1269,4.751468552049704,MAT-POS-4223bc15-28,11
1270,2.105366672652675,MAT-POS-4223bc15-28,12
1271,2.120429086823759,MAT-POS-4223bc15-28,13
1272,4.5786968812545314,MAT-POS-4223bc15-28,14
1273,0.10094979160398258,RAL-THA-2d450e86-17,0
1274,2.3002230909502845,RAL-THA-2d450e86-17,1
1275,0.6975389564397331,RAL-THA-2d450e86-17,2
1276,2.4179874757983923,RAL-THA-2d450e86-17,3
1277,0.09947392033118659,ALP-POS-869ac754-1,0
1278,2.0724165916748354,ALP-POS-869ac754-1,1
1279,7.582029483182629,ALP-POS-869ac754-1,2
1280,0.142981652898802,EDJ-MED-705e09b8-1,0
1281,0.5213643952334689,EDJ-MED-705e09b8-1,1
1282,1.1315589875597498,EDJ-MED-705e09b8-1,2
1283,1.8602149832510744,EDJ-MED-705e09b8-1,3
1284,1.0126777832437037,EDJ-MED-705e09b8-1,4
1285,1.107189896660356,EDJ-MED-705e09b8-1,5
1286,1.8320715917010146,EDJ-MED-705e09b8-1,6
1287,1.806229655244897,EDJ-MED-705e09b8-1,7
1288,1.9822782069051732,EDJ-MED-705e09b8-1,8
1289,1.9984196620995573,EDJ-MED-705e09b8-1,9
1290,2.257622333145047,EDJ-MED-705e09b8-1,10
1291,2.2581906537822793,EDJ-MED-705e09b8-1,11
1292,4.2904951761579735,EDJ-MED-705e09b8-1,12
1293,4.222030241905354,EDJ-MED-705e09b8-1,13
1294,0.10584966395025672,MAT-POS-e119ab4f-1,0
1295,0.6436357818762739,MAT-POS-e119ab4f-1,1
1296,1.0690640477167381,MAT-POS-e119ab4f-1,2
1297,0.9952746541643954,MAT-POS-e119ab4f-1,3
1298,1.3936907224013562,MAT-POS-e119ab4f-1,4
1299,2.6287190799983216,MAT-POS-e119ab4f-1,5
1300,1.2712317547760057,MAT-POS-e119ab4f-1,6
1301,1.1502361029018262,MAT-POS-e119ab4f-1,7
1302,4.0508825608505115,MAT-POS-e119ab4f-1,8
1303,3.9075362857026477,MAT-POS-e119ab4f-1,9
1304,3.9753985264122296,MAT-POS-e119ab4f-1,10
1305,1.6965009688246817,MAT-POS-e119ab4f-1,11
1306,0.8065544608065031,EDJ-MED-1981ceba-4,0
1307,0.9666073230949155,EDJ-MED-1981ceba-4,1
1308,1.3106888229195612,EDJ-MED-1981ceba-4,2
1309,1.2084818070456909,EDJ-MED-1981ceba-4,3
1310,1.0785883568538623,EDJ-MED-1981ceba-4,4
1311,1.1552689977476416,EDJ-MED-1981ceba-4,5
1312,1.9632110886180782,EDJ-MED-1981ceba-4,6
1313,1.5676927716323563,EDJ-MED-1981ceba-4,7
1314,1.8409431892201333,EDJ-MED-1981ceba-4,8
1315,1.73938971970277,EDJ-MED-1981ceba-4,9
1316,2.0848386916305413,EDJ-MED-1981ceba-4,10
1317,2.0465877847240175,EDJ-MED-1981ceba-4,11
1318,2.492842335273653,EDJ-MED-1981ceba-4,12
1319,1.4579841711543982,EDJ-MED-1981ceba-4,13
1320,1.582837450921028,EDJ-MED-1981ceba-4,14
1321,1.6999430734511771,EDJ-MED-1981ceba-4,15
1322,2.6333416109200853,EDJ-MED-1981ceba-4,16
1323,2.586457764111448,EDJ-MED-1981ceba-4,17
1324,2.1828861254484684,EDJ-MED-1981ceba-4,18
1325,2.4313667723886474,EDJ-MED-1981ceba-4,19
1326,0.6174180642091897,MAT-POS-4223bc15-12,0
1327,1.2807136651911832,MAT-POS-4223bc15-12,1
1328,1.3515079061295694,MAT-POS-4223bc15-12,2
1329,0.8924597791198947,MAT-POS-4223bc15-12,3
1330,1.5827518231282536,MAT-POS-4223bc15-12,4
1331,2.2798449992021474,MAT-POS-4223bc15-12,5
1332,1.9586829149334812,MAT-POS-4223bc15-12,6
1333,1.6580244122424113,MAT-POS-4223bc15-12,7
1334,1.6430251769154143,MAT-POS-4223bc15-12,8
1335,1.3358259633158684,MAT-POS-4223bc15-12,9
1336,1.5092993475243497,MAT-POS-4223bc15-12,10
1337,2.9815514595991828,MAT-POS-4223bc15-12,11
1338,1.993490354965829,MAT-POS-4223bc15-12,12
1339,2.3586666031181016,MAT-POS-4223bc15-12,13
1340,2.8994223863052766,MAT-POS-4223bc15-12,14
1341,2.26059287935439,MAT-POS-4223bc15-12,15
1342,2.155259184112514,MAT-POS-4223bc15-12,16
1343,2.1695800196497306,MAT-POS-4223bc15-12,17
1344,1.7617801911696385,MAT-POS-4223bc15-12,18
1345,5.421021470540952,MAT-POS-4223bc15-12,19
1346,5.714474123375584,MAT-POS-4223bc15-12,20
1347,5.823455326265924,MAT-POS-4223bc15-12,21
1348,2.496084765709237,MAT-POS-4223bc15-12,22
1349,5.439780831401114,MAT-POS-4223bc15-12,23
1350,5.58078174806944,MAT-POS-4223bc15-12,24
1351,0.6848020656764459,MIK-ENA-5d9157e9-5,0
1352,2.0906063730474447,MIK-ENA-5d9157e9-5,1
1353,0.6994467413215275,PET-UNK-7fb4f80a-1,0
1354,0.7707755817346453,PET-UNK-7fb4f80a-1,1
1355,0.8065053240324103,PET-UNK-7fb4f80a-1,2
1356,0.8071345838801736,PET-UNK-7fb4f80a-1,3
1357,0.981299079068567,PET-UNK-7fb4f80a-1,4
1358,1.0055766138633742,PET-UNK-7fb4f80a-1,5
1359,0.9149766996871439,PET-UNK-7fb4f80a-1,6
1360,1.2036916107372027,PET-UNK-7fb4f80a-1,7
1361,0.13150242907113635,TRY-UNI-2eddb1ff-7,0
1362,0.6197614411027677,TRY-UNI-2eddb1ff-7,1
1363,0.6759444797651484,TRY-UNI-2eddb1ff-7,2
1364,0.7371720513661301,TRY-UNI-2eddb1ff-7,3
1365,0.728126205056758,TRY-UNI-2eddb1ff-7,4
1366,2.186641144428645,TRY-UNI-2eddb1ff-7,5
1367,0.8996275131809058,TRY-UNI-2eddb1ff-7,6
1368,0.9297759815487652,TRY-UNI-2eddb1ff-7,7
1369,0.6944515694222129,TRY-UNI-2eddb1ff-7,8
1370,2.324830519279959,TRY-UNI-2eddb1ff-7,9
1371,2.11834244961039,TRY-UNI-2eddb1ff-7,10
1372,2.7345349524739855,TRY-UNI-2eddb1ff-7,11
1373,2.4010277050984077,TRY-UNI-2eddb1ff-7,12
1374,2.7445042238906594,TRY-UNI-2eddb1ff-7,13
1375,1.8730418126927244,TRY-UNI-2eddb1ff-7,14
1376,1.403194154417762,TRY-UNI-2eddb1ff-7,15
1377,0.67273770582061,SAM-UNK-2684b532-12,0
1378,1.6165779216623226,SAM-UNK-2684b532-12,1
1379,1.547479995308919,SAM-UNK-2684b532-12,2
1380,3.781454128386405,SAM-UNK-2684b532-12,3
1381,0.11918317390999883,RAL-THA-8416115c-5,0
1382,0.6872249986332603,RAL-THA-8416115c-5,1
1383,0.8460186587995533,RAL-THA-8416115c-5,2
1384,1.893917682013779,RAL-THA-8416115c-5,3
1385,2.0029086144506882,RAL-THA-8416115c-5,4
1386,0.9393305020988223,RAL-THA-8416115c-5,5
1387,2.029601414658319,RAL-THA-8416115c-5,6
1388,1.960505411815265,RAL-THA-8416115c-5,7
1389,1.4711587988814376,RAL-THA-8416115c-5,8
1390,2.1055651786761698,RAL-THA-8416115c-5,9
1391,0.10807945028367039,EDG-MED-5d232de5-7,0
1392,1.22240515479838,EDG-MED-5d232de5-7,1
1393,2.181420884029674,EDG-MED-5d232de5-7,2
1394,1.686928534868177,EDG-MED-5d232de5-7,3
1395,3.7972001634185966,EDG-MED-5d232de5-7,4
1396,3.010404646224044,EDG-MED-5d232de5-7,5
1397,1.2955156573136142,MAT-POS-6c284e65-1,0
1398,0.09278083205935557,MAT-POS-6c284e65-1,1
1399,1.514315062420179,MAT-POS-6c284e65-1,2
1400,1.0512233279111154,MAT-POS-6c284e65-1,3
1401,1.6645574415993598,MAT-POS-6c284e65-1,4
1402,1.4751166897014232,MAT-POS-6c284e65-1,5
1403,2.4569058934023063,MAT-POS-6c284e65-1,6
1404,1.8126712267313578,MAT-POS-6c284e65-1,7
1405,0.6869674428621344,MAT-POS-6c284e65-1,8
1406,2.0978854774452946,MAT-POS-6c284e65-1,9
1407,2.471295937275748,MAT-POS-6c284e65-1,10
1408,2.6492218553957865,MAT-POS-6c284e65-1,11
1409,2.2613305594172077,MAT-POS-6c284e65-1,12
1410,2.5230856007687854,MAT-POS-6c284e65-1,13
1411,2.1218693544163796,MAT-POS-6c284e65-1,14
1412,3.53751208924063,MAT-POS-6c284e65-1,15
1413,1.9087446892237445,MAT-POS-6c284e65-1,16
1414,1.4790154731277199,MAT-POS-6c284e65-1,17
1415,1.2593936852435623,MAT-POS-6c284e65-1,18
1416,1.8457308407203066,MAT-POS-6c284e65-1,19
1417,1.8083137950414807,MAT-POS-6c284e65-1,20
1418,2.2569221161416855,MAT-POS-6c284e65-1,21
1419,2.201120757075379,MAT-POS-6c284e65-1,22
1420,2.0177083883566955,MAT-POS-6c284e65-1,23
1421,2.5970564734772488,MAT-POS-6c284e65-1,24
1422,2.6957902617971286,MAT-POS-6c284e65-1,25
1423,2.248689744781142,MAT-POS-6c284e65-1,26
1424,2.4084709061004355,MAT-POS-6c284e65-1,27
1425,5.112556348657063,MAT-POS-6c284e65-1,28
1426,2.560596841679507,MAT-POS-6c284e65-1,29
1427,5.076218977684947,MAT-POS-6c284e65-1,30
1428,5.015408971590956,MAT-POS-6c284e65-1,31
1429,2.486356397879829,MAT-POS-6c284e65-1,32
1430,0.08733766614746075,MAT-POS-de59a476-2,0
1431,1.547867482636551,MAT-POS-de59a476-2,1
1432,3.414987145377692,MAT-POS-de59a476-2,2
1433,2.4488348367349007,MAT-POS-de59a476-2,3
1434,3.4061629504187474,MAT-POS-de59a476-2,4
1435,3.4983075681817692,MAT-POS-de59a476-2,5
1436,3.7203515546028147,MAT-POS-de59a476-2,6
1437,0.13487180552932593,MAT-POS-1f3f1a6f-1,0
1438,0.7355932638810699,MAT-POS-1f3f1a6f-1,1
1439,2.159627573974098,MAT-POS-1f3f1a6f-1,2
1440,2.265518170533421,MAT-POS-1f3f1a6f-1,3
1441,1.8587554106233646,MAT-POS-1f3f1a6f-1,4
1442,2.3547820090582396,MAT-POS-1f3f1a6f-1,5
1443,2.4747726545954367,MAT-POS-1f3f1a6f-1,6
1444,2.7283995393408285,MAT-POS-1f3f1a6f-1,7
1445,3.609077152943744,MAT-POS-1f3f1a6f-1,8
1446,0.6281044988319958,EDJ-MED-7889e8da-5,0
1447,0.7300320298944303,EDJ-MED-7889e8da-5,1
1448,0.9165747083159608,EDJ-MED-7889e8da-5,2
1449,1.1428793023465993,EDJ-MED-7889e8da-5,3
1450,1.2419528133153095,EDJ-MED-7889e8da-5,4
1451,1.452099919396667,EDJ-MED-7889e8da-5,5
1452,1.9408743027467585,EDJ-MED-7889e8da-5,6
1453,1.5920523329088447,EDJ-MED-7889e8da-5,7
1454,1.250339771139388,EDJ-MED-7889e8da-5,8
1455,1.3247701806854575,EDJ-MED-7889e8da-5,9
1456,1.3013544995812005,EDJ-MED-7889e8da-5,10
1457,1.3489463710374774,EDJ-MED-7889e8da-5,11
1458,1.3488029582681784,EDJ-MED-7889e8da-5,12
1459,1.0907890202062251,EDJ-MED-7889e8da-5,13
1460,1.78937507395396,EDJ-MED-7889e8da-5,14
1461,1.1775281715730934,EDJ-MED-7889e8da-5,15
1462,3.088513385671014,EDJ-MED-7889e8da-5,16
1463,3.9847106679461675,EDJ-MED-7889e8da-5,17
1464,3.8800287397538242,EDJ-MED-7889e8da-5,18
1465,4.2061808123330975,EDJ-MED-7889e8da-5,19
1466,3.9404607785019583,EDJ-MED-7889e8da-5,20
1467,4.239127360682573,EDJ-MED-7889e8da-5,21
1468,4.187739160545104,EDJ-MED-7889e8da-5,22
1469,2.58400362612497,EDJ-MED-7889e8da-5,23
1470,3.860003356607021,EDJ-MED-7889e8da-5,24
1471,0.684935041223343,ALP-POS-1cbc2fae-1,0
1472,1.0114097042863677,ALP-POS-1cbc2fae-1,1
1473,2.0804688115537022,ALP-POS-1cbc2fae-1,2
1474,2.411071619944138,ALP-POS-1cbc2fae-1,3
1475,4.010203048627637,ALP-POS-1cbc2fae-1,4
1476,0.1402273491977566,MAT-POS-1bed62cf-3,0
1477,0.7036324980249845,MAT-POS-1bed62cf-3,1
1478,1.0697970155364387,MAT-POS-1bed62cf-3,2
1479,1.8207826471565245,MAT-POS-1bed62cf-3,3
1480,1.9607433107720218,MAT-POS-1bed62cf-3,4
1481,1.514894658566133,MAT-POS-1bed62cf-3,5
1482,2.1809639272047754,MAT-POS-1bed62cf-3,6
1483,2.0921737540417107,MAT-POS-1bed62cf-3,7
1484,2.6123199778049173,MAT-POS-1bed62cf-3,8
1485,4.297861715317664,MAT-POS-1bed62cf-3,9
1486,7.64681919074477,MAT-POS-1bed62cf-3,10
1487,4.796042918384071,MAT-POS-1bed62cf-3,11
1488,4.476324563505615,MAT-POS-1bed62cf-3,12
1489,5.720333184531638,MAT-POS-1bed62cf-3,13
1490,0.08265968083477997,JAN-GHE-5a013bed-2,0
1491,1.5021614510689285,JAN-GHE-5a013bed-2,1
1492,0.7566353408664226,JAN-GHE-5a013bed-2,2
1493,0.8175306580793953,JAN-GHE-5a013bed-2,3
1494,1.6437194220163647,JAN-GHE-5a013bed-2,4
1495,2.6162281151611904,JAN-GHE-5a013bed-2,5
1496,1.7799354850979952,JAN-GHE-5a013bed-2,6
1497,2.6342616788715016,JAN-GHE-5a013bed-2,7
1498,2.8130144299661977,JAN-GHE-5a013bed-2,8
1499,1.8115500655080155,JAN-GHE-5a013bed-2,9
1500,1.7813037164255263,JAN-GHE-5a013bed-2,10
1501,1.5786081187567917,JAN-GHE-5a013bed-2,11
1502,1.7633620940234178,JAN-GHE-5a013bed-2,12
1503,2.7423706463736566,JAN-GHE-5a013bed-2,13
1504,2.624684391493307,JAN-GHE-5a013bed-2,14
1505,3.6817086653626774,JAN-GHE-5a013bed-2,15
1506,2.081385561593404,JAN-GHE-5a013bed-2,16
1507,0.6433678325510492,EDG-MED-10fcb19e-1,0
1508,0.7532183963701973,EDG-MED-10fcb19e-1,1
1509,0.9376634883726969,EDG-MED-10fcb19e-1,2
1510,0.7597090933838145,EDG-MED-10fcb19e-1,3
1511,0.7645248931261286,EDG-MED-10fcb19e-1,4
1512,0.8928752159755257,EDG-MED-10fcb19e-1,5
1513,1.0484139969155826,EDG-MED-10fcb19e-1,6
1514,1.0408056846043552,EDG-MED-10fcb19e-1,7
1515,1.019184901381338,EDG-MED-10fcb19e-1,8
1516,1.1314130739804849,EDG-MED-10fcb19e-1,9
1517,3.03373583993628,EDG-MED-10fcb19e-1,10
1518,3.0640820010377268,EDG-MED-10fcb19e-1,11
1519,3.3328816780994974,EDG-MED-10fcb19e-1,12
1520,0.5838310103556045,EDJ-MED-be9e6f63-3,0
1521,1.1750181188667475,EDJ-MED-be9e6f63-3,1
1522,0.8591330203241346,EDJ-MED-be9e6f63-3,2
1523,0.8850185235059363,EDJ-MED-be9e6f63-3,3
1524,0.6570998058932501,EDJ-MED-be9e6f63-3,4
1525,1.4414258484666842,EDJ-MED-be9e6f63-3,5
1526,1.0674389880649822,EDJ-MED-be9e6f63-3,6
1527,1.421069517767067,EDJ-MED-be9e6f63-3,7
1528,1.237238174262551,EDJ-MED-be9e6f63-3,8
1529,1.1777931118240803,EDJ-MED-be9e6f63-3,9
1530,1.3070486941465804,EDJ-MED-be9e6f63-3,10
1531,1.2054253017079637,EDJ-MED-be9e6f63-3,11
1532,1.2351266754692964,EDJ-MED-be9e6f63-3,12
1533,2.333100221584882,EDJ-MED-be9e6f63-3,13
1534,3.085117686672767,EDJ-MED-be9e6f63-3,14
1535,1.4777054372743188,EDJ-MED-be9e6f63-3,15
1536,1.5741443555003878,EDJ-MED-be9e6f63-3,16
1537,1.5286644874216926,EDJ-MED-be9e6f63-3,17
1538,1.8701267477912222,EDJ-MED-be9e6f63-3,18
1539,2.136284870641195,EDJ-MED-be9e6f63-3,19
1540,2.012935626791146,EDJ-MED-be9e6f63-3,20
1541,2.1110757065180095,EDJ-MED-be9e6f63-3,21
1542,2.072883051336658,EDJ-MED-be9e6f63-3,22
1543,1.542875136020013,EDJ-MED-be9e6f63-3,23
1544,1.058982760109349,EDJ-MED-be9e6f63-3,24
1545,1.4583128700336199,EDJ-MED-be9e6f63-3,25
1546,1.424271552803037,EDJ-MED-be9e6f63-3,26
1547,1.379560046472658,EDJ-MED-be9e6f63-3,27
1548,1.3939054106124955,EDJ-MED-be9e6f63-3,28
1549,1.8654967194105487,EDJ-MED-be9e6f63-3,29
1550,1.0022705496134958,EDJ-MED-be9e6f63-3,30
1551,1.5977847672382277,EDJ-MED-be9e6f63-3,31
1552,1.9694324757301156,EDJ-MED-be9e6f63-3,32
1553,1.2584029846292755,EDJ-MED-be9e6f63-3,33
1554,1.6476934489184525,EDJ-MED-be9e6f63-3,34
1555,1.474050626688277,EDJ-MED-be9e6f63-3,35
1556,1.6091230087908575,EDJ-MED-be9e6f63-3,36
1557,1.3048841015739907,EDJ-MED-be9e6f63-3,37
1558,0.1061720884745742,ALP-POS-fe871b40-11,0
1559,0.7585619497028018,ALP-POS-fe871b40-11,1
1560,0.12558787630056914,MAT-POS-932d1078-3,0
1561,2.093484615075729,MAT-POS-932d1078-3,1
1562,3.251042802654485,MAT-POS-932d1078-3,2
1563,0.12099664691918273,MAT-POS-5d65ec79-2,0
1564,0.7461381852505848,MAT-POS-5d65ec79-2,1
1565,0.6252650281441645,MAT-POS-5d65ec79-2,2
1566,1.0192555495812898,MAT-POS-5d65ec79-2,3
1567,4.192814440435047,MAT-POS-5d65ec79-2,4
1568,4.1467624465070525,MAT-POS-5d65ec79-2,5
1569,3.191719280541662,MAT-POS-5d65ec79-2,6
1570,3.1401354703905104,MAT-POS-5d65ec79-2,7
1571,0.8107743228297681,EDJ-MED-1981ceba-3,0
1572,1.1479286483369544,EDJ-MED-1981ceba-3,1
1573,1.0439878139606973,EDJ-MED-1981ceba-3,2
1574,1.1410027145704627,EDJ-MED-1981ceba-3,3
1575,1.9795597512206926,EDJ-MED-1981ceba-3,4
1576,1.737470810162238,EDJ-MED-1981ceba-3,5
1577,1.457074103751872,EDJ-MED-1981ceba-3,6
1578,1.9763741144349822,EDJ-MED-1981ceba-3,7
1579,1.6263260148386878,EDJ-MED-1981ceba-3,8
1580,2.0568199166670493,EDJ-MED-1981ceba-3,9
1581,1.6360411298610618,EDJ-MED-1981ceba-3,10
1582,2.101607819612649,EDJ-MED-1981ceba-3,11
1583,1.4626993311516234,EDJ-MED-1981ceba-3,12
1584,1.8103092059556911,EDJ-MED-1981ceba-3,13
1585,2.5030500108735843,EDJ-MED-1981ceba-3,14
1586,2.301078711283943,EDJ-MED-1981ceba-3,15
1587,0.12500430399835158,EDG-MED-971238d3-4,0
1588,2.0591943476894214,EDG-MED-971238d3-4,1
1589,0.8338112193659304,EDG-MED-971238d3-4,2
1590,1.9869110427640213,EDG-MED-971238d3-4,3
1591,0.13821928855934104,ALP-UNI-8d415491-3,0
1592,0.7017526444106559,ALP-UNI-8d415491-3,1
1593,2.0593184285505712,ALP-UNI-8d415491-3,2
1594,0.12966133635026947,EDG-MED-70ae9412-1,0
1595,0.6373265876751937,EDG-MED-70ae9412-1,1
1596,0.5722967551145682,EDG-MED-70ae9412-1,2
1597,0.5745590164649268,EDG-MED-70ae9412-1,3
1598,0.7152663230655052,EDG-MED-70ae9412-1,4
1599,0.7872409903952701,EDG-MED-70ae9412-1,5
1600,1.8538562573852175,EDG-MED-70ae9412-1,6
1601,0.9858605103003351,EDG-MED-70ae9412-1,7
1602,0.9456346584020097,EDG-MED-70ae9412-1,8
1603,0.8761313075269723,EDG-MED-70ae9412-1,9
1604,1.7659222502909195,EDG-MED-70ae9412-1,10
1605,0.7963760792128001,EDG-MED-70ae9412-1,11
1606,1.8767416072070953,EDG-MED-70ae9412-1,12
1607,1.8695164475099675,EDG-MED-70ae9412-1,13
1608,1.1573344009272055,EDG-MED-70ae9412-1,14
1609,1.9084190307869264,EDG-MED-70ae9412-1,15
1610,0.7425244391549861,MAT-POS-5cd9ea36-2,0
1611,1.0103394596819537,MAT-POS-5cd9ea36-2,1
1612,0.7640959133958114,MAT-POS-5cd9ea36-2,2
1613,1.0178308856708314,MAT-POS-5cd9ea36-2,3
1614,1.2322031543448337,MAT-POS-5cd9ea36-2,4
1615,1.4419852849465535,MAT-POS-5cd9ea36-2,5
1616,1.988507812056548,MAT-POS-5cd9ea36-2,6
1617,1.2969424512857048,MAT-POS-5cd9ea36-2,7
1618,1.9882918717451232,MAT-POS-5cd9ea36-2,8
1619,1.3627976500540997,MAT-POS-5cd9ea36-2,9
1620,1.8593829919529148,MAT-POS-5cd9ea36-2,10
1621,1.4206484431842994,MAT-POS-5cd9ea36-2,11
1622,1.9959087296424542,MAT-POS-5cd9ea36-2,12
1623,4.214797484310138,MAT-POS-5cd9ea36-2,13
1624,0.11113383892937743,MAT-POS-e6dd326d-6,0
1625,0.6318551803827437,MAT-POS-e6dd326d-6,1
1626,0.5492389817159444,MAT-POS-e6dd326d-6,2
1627,0.7303287378137042,MAT-POS-e6dd326d-6,3
1628,0.9620693039017424,MAT-POS-e6dd326d-6,4
1629,0.8865152282453456,MAT-POS-e6dd326d-6,5
1630,2.0341957651370723,MAT-POS-e6dd326d-6,6
1631,3.5870331109574374,MAT-POS-e6dd326d-6,7
1632,3.4107199782037667,MAT-POS-e6dd326d-6,8
1633,3.8526877481367507,MAT-POS-e6dd326d-6,9
1634,4.57131063226948,MAT-POS-e6dd326d-6,10
1635,0.0950918445107755,RAL-THA-2d450e86-13,0
1636,1.4611340352681315,RAL-THA-2d450e86-13,1
1637,1.5530201557951626,RAL-THA-2d450e86-13,2
1638,0.6814563884305826,MAT-POS-90fd5f68-21,0
1639,1.0148121919288233,MAT-POS-90fd5f68-21,1
1640,1.6095029223487978,MAT-POS-90fd5f68-21,2
1641,1.5853500105397444,MAT-POS-90fd5f68-21,3
1642,0.9904499672368576,MAT-POS-90fd5f68-21,4
1643,2.052689135015814,MAT-POS-90fd5f68-21,5
1644,1.7546569440560185,MAT-POS-90fd5f68-21,6
1645,1.6862425278947177,MAT-POS-90fd5f68-21,7
1646,1.2231461580106673,MAT-POS-90fd5f68-21,8
1647,2.008095929666959,MAT-POS-90fd5f68-21,9
1648,1.6947720635511576,MAT-POS-90fd5f68-21,10
1649,1.460778711558884,MAT-POS-90fd5f68-21,11
1650,2.8928607586240127,MAT-POS-90fd5f68-21,12
1651,3.3141763789473844,MAT-POS-90fd5f68-21,13
1652,2.4039093273785705,MAT-POS-90fd5f68-21,14
1653,2.9541605332308123,MAT-POS-90fd5f68-21,15
1654,1.845905363330795,MAT-POS-90fd5f68-21,16
1655,2.422111406946257,MAT-POS-90fd5f68-21,17
1656,2.5331005401607385,MAT-POS-90fd5f68-21,18
1657,2.8897566739270957,MAT-POS-90fd5f68-21,19
1658,3.087952095676741,MAT-POS-90fd5f68-21,20
1659,2.809008844493786,MAT-POS-90fd5f68-21,21
1660,1.5774260436416774,MAT-POS-90fd5f68-21,22
1661,1.939714588258491,MAT-POS-90fd5f68-21,23
1662,3.5408274381179448,MAT-POS-90fd5f68-21,24
1663,3.3663362176471754,MAT-POS-90fd5f68-21,25
1664,3.4893533256351086,MAT-POS-90fd5f68-21,26
1665,2.4508009705016196,MAT-POS-90fd5f68-21,27
1666,2.3723164526688465,MAT-POS-90fd5f68-21,28
1667,2.959676342734808,MAT-POS-90fd5f68-21,29
1668,2.8732608858995907,MAT-POS-90fd5f68-21,30
1669,0.09906224317412819,RUB-POS-1325a9ea-14,0
1670,2.2900194721734453,RUB-POS-1325a9ea-14,1
1671,1.7056142246959376,RUB-POS-1325a9ea-14,2
1672,2.45263271551907,RUB-POS-1325a9ea-14,3
1673,1.5009426164299624,RUB-POS-1325a9ea-14,4
1674,0.5942337956082662,MAT-POS-50a80394-2,0
1675,1.194628292238151,MAT-POS-50a80394-2,1
1676,1.7838756788218841,MAT-POS-50a80394-2,2
1677,0.7891656074216085,MAT-POS-50a80394-2,3
1678,2.7549203659466937,MAT-POS-50a80394-2,4
1679,2.6837528988748955,MAT-POS-50a80394-2,5
1680,2.764413503973338,MAT-POS-50a80394-2,6
1681,2.183411958370071,MAT-POS-50a80394-2,7
1682,2.3378483665125356,MAT-POS-50a80394-2,8
1683,1.4443861385373755,MAT-POS-50a80394-2,9
1684,2.7002151917699715,MAT-POS-50a80394-2,10
1685,1.2751076001795056,MAT-POS-50a80394-2,11
1686,1.4180274546675051,MAT-POS-50a80394-2,12
1687,1.5729602405211895,MAT-POS-50a80394-2,13
1688,1.5992334658632554,MAT-POS-50a80394-2,14
1689,2.554951095283571,MAT-POS-50a80394-2,15
1690,2.087857376393921,MAT-POS-50a80394-2,16
1691,1.494764693516445,MAT-POS-50a80394-2,17
1692,2.8524859903096833,MAT-POS-50a80394-2,18
1693,2.8102258714502644,MAT-POS-50a80394-2,19
1694,1.8849411610115476,MAT-POS-50a80394-2,20
1695,1.8581304384908635,MAT-POS-50a80394-2,21
1696,1.9585561637491178,MAT-POS-50a80394-2,22
1697,0.10234774617672551,BEN-BAS-c2bc0d80-7,0
1698,1.9377422383283947,BEN-BAS-c2bc0d80-7,1
1699,0.1280646845193748,EDJ-MED-e69ed63d-13,0
1700,0.5345456380177881,EDJ-MED-e69ed63d-13,1
1701,0.6802192876891192,EDJ-MED-e69ed63d-13,2
1702,0.9029105224667388,EDJ-MED-e69ed63d-13,3
1703,0.9066161580300862,EDJ-MED-e69ed63d-13,4
1704,0.7328296685274033,EDJ-MED-e69ed63d-13,5
1705,0.5802058291126386,EDJ-MED-e69ed63d-13,6
1706,0.6080548738092908,EDJ-MED-e69ed63d-13,7
1707,0.6772763381041048,EDJ-MED-e69ed63d-13,8
1708,2.1062990597248126,EDJ-MED-e69ed63d-13,9
1709,1.2577899253748053,EDJ-MED-e69ed63d-13,10
1710,2.228228810772847,EDJ-MED-e69ed63d-13,11
1711,1.2122710328117838,EDJ-MED-e69ed63d-13,12
1712,1.8210330435118287,EDJ-MED-e69ed63d-13,13
1713,2.2915431757831475,EDJ-MED-e69ed63d-13,14
1714,1.2648954260228016,EDJ-MED-e69ed63d-13,15
1715,2.054927951364842,EDJ-MED-e69ed63d-13,16
1716,1.5140963068011473,EDJ-MED-e69ed63d-13,17
1717,1.580572608839548,EDJ-MED-e69ed63d-13,18
1718,2.1064697724593344,EDJ-MED-e69ed63d-13,19
1719,1.8810735536330112,EDJ-MED-e69ed63d-13,20
1720,2.1673303853095516,EDJ-MED-e69ed63d-13,21
1721,2.250330710742072,EDJ-MED-e69ed63d-13,22
1722,0.0811509951642212,MAT-POS-afd4d4fd-2,0
1723,1.5536778548513372,MAT-POS-afd4d4fd-2,1
1724,0.814278920282617,MAT-POS-afd4d4fd-2,2
1725,2.2656765394922656,MAT-POS-afd4d4fd-2,3
1726,1.7365955016073742,MAT-POS-afd4d4fd-2,4
1727,1.7577444067665393,MAT-POS-afd4d4fd-2,5
1728,2.7523897927094114,MAT-POS-afd4d4fd-2,6
1729,0.10296966956064382,ADA-UCB-6c2cb422-1,0
1730,1.6261736274810694,ADA-UCB-6c2cb422-1,1
1731,2.2897793350455844,ADA-UCB-6c2cb422-1,2
1732,1.34554305731801,ADA-UCB-6c2cb422-1,3
1733,3.3307782428844854,ADA-UCB-6c2cb422-1,4
1734,0.09011812744504465,ALP-UNI-8d415491-1,0
1735,0.9165695912246504,ALP-UNI-8d415491-1,1
1736,2.2661331245430967,ALP-UNI-8d415491-1,2
1737,0.14491986980059457,ALP-POS-6f6ae286-5,0
1738,0.7104358605220231,ALP-POS-6f6ae286-5,1
1739,0.7030474554427278,ALP-POS-6f6ae286-5,2
1740,0.1181831022489698,MAT-POS-e6dd326d-8,0
1741,0.6951361529648333,MAT-POS-e6dd326d-8,1
1742,0.7144808672713582,MAT-POS-e6dd326d-8,2
1743,0.7443214487617555,MAT-POS-e6dd326d-8,3
1744,0.9091952109392213,MAT-POS-e6dd326d-8,4
1745,0.960497725732981,MAT-POS-e6dd326d-8,5
1746,2.008920892259186,MAT-POS-e6dd326d-8,6
1747,2.099160447214632,MAT-POS-e6dd326d-8,7
1748,3.890451770245684,MAT-POS-e6dd326d-8,8
1749,4.240839421089181,MAT-POS-e6dd326d-8,9
1750,3.850291676859257,MAT-POS-e6dd326d-8,10
1751,0.1045989281043817,ALP-POS-8b8a49e1-4,0
1752,1.4437086885291006,ALP-POS-8b8a49e1-4,1
1753,0.8579456724222081,ALP-POS-8b8a49e1-4,2
1754,0.8044296898504468,ALP-POS-8b8a49e1-4,3
1755,1.652520930033946,ALP-POS-8b8a49e1-4,4
1756,1.554397125835919,ALP-POS-8b8a49e1-4,5
1757,2.990453447636378,ALP-POS-8b8a49e1-4,6
1758,1.5242057882102396,ALP-POS-8b8a49e1-4,7
1759,1.4328183296335257,ALP-POS-8b8a49e1-4,8
1760,0.7526456617669753,ALP-POS-8b8a49e1-4,9
1761,1.5036394934820965,ALP-POS-8b8a49e1-4,10
1762,1.0633060657060531,ALP-POS-8b8a49e1-4,11
1763,1.822655869318467,ALP-POS-8b8a49e1-4,12
1764,2.0042054286509168,ALP-POS-8b8a49e1-4,13
1765,1.9144477111258953,ALP-POS-8b8a49e1-4,14
1766,0.09939377273238263,MAT-POS-a54ce14d-2,0
1767,0.6907169814087362,MAT-POS-a54ce14d-2,1
1768,0.6785183562381191,MAT-POS-a54ce14d-2,2
1769,1.113276838367113,MAT-POS-a54ce14d-2,3
1770,0.5193367274637412,MAT-POS-a54ce14d-2,4
1771,1.881685888245827,MAT-POS-a54ce14d-2,5
1772,1.0164933819146724,MAT-POS-a54ce14d-2,6
1773,1.3988287960242154,MAT-POS-a54ce14d-2,7
1774,1.244539547088566,MAT-POS-a54ce14d-2,8
1775,1.0018050763668065,MAT-POS-a54ce14d-2,9
1776,1.293353687807075,MAT-POS-a54ce14d-2,10
1777,2.137626377900268,MAT-POS-a54ce14d-2,11
1778,4.202303176574828,MAT-POS-a54ce14d-2,12
1779,2.275640178145303,MAT-POS-a54ce14d-2,13
1780,4.332651535100695,MAT-POS-a54ce14d-2,14
1781,4.053256981026067,MAT-POS-a54ce14d-2,15
1782,4.100555964769593,MAT-POS-a54ce14d-2,16
1783,4.184963766669022,MAT-POS-a54ce14d-2,17
1784,2.7069508211430517,MAT-POS-a54ce14d-2,18
1785,0.1302458271642267,ERI-UCB-ce40166b-17,0
1786,0.5826294853525479,ERI-UCB-ce40166b-17,1
1787,0.5900190321884399,ERI-UCB-ce40166b-17,2
1788,0.7384882029049848,ERI-UCB-ce40166b-17,3
1789,0.9271689796606795,ERI-UCB-ce40166b-17,4
1790,0.8049823450518592,ERI-UCB-ce40166b-17,5
1791,2.324271856678717,ERI-UCB-ce40166b-17,6
1792,0.9091137191674274,ERI-UCB-ce40166b-17,7
1793,1.1322357512011083,ERI-UCB-ce40166b-17,8
1794,1.7324163822289034,ERI-UCB-ce40166b-17,9
1795,2.4347578461175385,ERI-UCB-ce40166b-17,10
1796,3.8891918095130293,ERI-UCB-ce40166b-17,11
1797,2.3525718081228555,ERI-UCB-ce40166b-17,12
1798,2.057300803940218,ERI-UCB-ce40166b-17,13
1799,2.176248970087311,ERI-UCB-ce40166b-17,14
1800,2.6739157346684443,ERI-UCB-ce40166b-17,15
1801,2.604870836242964,ERI-UCB-ce40166b-17,16
1802,3.4531111166968507,ERI-UCB-ce40166b-17,17
1803,1.8023231310423184,ERI-UCB-ce40166b-17,18
1804,1.991854687285657,ERI-UCB-ce40166b-17,19
1805,0.1000948681676734,EDG-MED-5d232de5-1,0
1806,2.5786446917008163,EDG-MED-5d232de5-1,1
1807,2.9020318227442754,EDG-MED-5d232de5-1,2
1808,3.468940710090386,EDG-MED-5d232de5-1,3
1809,3.5152985504226733,EDG-MED-5d232de5-1,4
1810,2.9428555672619416,EDG-MED-5d232de5-1,5
1811,3.319435007060907,EDG-MED-5d232de5-1,6
1812,3.821006550809425,EDG-MED-5d232de5-1,7
1813,0.1306981829011734,ALP-UNI-8d415491-6,0
1814,0.7888354438897988,ALP-UNI-8d415491-6,1
1815,0.9005752824653729,MAT-POS-7174c657-5,0
1816,0.8660380267921008,MAT-POS-7174c657-5,1
1817,1.043137620362506,MAT-POS-7174c657-5,2
1818,1.2538484438903588,MAT-POS-7174c657-5,3
1819,2.0419345986424924,MAT-POS-7174c657-5,4
1820,1.9404713732273087,MAT-POS-7174c657-5,5
1821,2.025133299795378,MAT-POS-7174c657-5,6
1822,4.006497163366561,MAT-POS-7174c657-5,7
1823,2.128527823810808,MAT-POS-7174c657-5,8
1824,8.136912417266679,MAT-POS-7174c657-5,9
1825,2.0511391755575032,MAT-POS-7174c657-5,10
1826,2.451007076244536,MAT-POS-7174c657-5,11
1827,2.2632647833574815,MAT-POS-7174c657-5,12
1828,0.6156078699050455,EDJ-MED-4fff0a85-1,0
1829,0.708183061222613,EDJ-MED-4fff0a85-1,1
1830,1.8586153395249436,EDJ-MED-4fff0a85-1,2
1831,1.1071480178054334,EDJ-MED-4fff0a85-1,3
1832,0.8061278514899388,EDJ-MED-4fff0a85-1,4
1833,1.1168373366051298,EDJ-MED-4fff0a85-1,5
1834,1.2135108914025192,EDJ-MED-4fff0a85-1,6
1835,2.158746871391292,EDJ-MED-4fff0a85-1,7
1836,1.2853970376496786,EDJ-MED-4fff0a85-1,8
1837,1.28850842136986,EDJ-MED-4fff0a85-1,9
1838,1.9675594050522516,EDJ-MED-4fff0a85-1,10
1839,1.8977735305303198,EDJ-MED-4fff0a85-1,11
1840,0.9796601631751242,EDJ-MED-4fff0a85-1,12
1841,1.9940460880526956,EDJ-MED-4fff0a85-1,13
1842,5.289616183442817,EDJ-MED-4fff0a85-1,14
1843,5.371914890269097,EDJ-MED-4fff0a85-1,15
1844,6.891599252550205,EDJ-MED-4fff0a85-1,16
1845,6.016692135108446,EDJ-MED-4fff0a85-1,17
1846,5.904925597924393,EDJ-MED-4fff0a85-1,18
1847,0.1077189313292024,MAT-POS-90fd5f68-2,0
1848,0.7523677257051812,MAT-POS-90fd5f68-2,1
1849,0.8724821508595635,MAT-POS-90fd5f68-2,2
1850,1.5085593761672451,MAT-POS-90fd5f68-2,3
1851,1.3397167745081624,MAT-POS-90fd5f68-2,4
1852,1.932631338963195,MAT-POS-90fd5f68-2,5
1853,1.815236836621688,MAT-POS-90fd5f68-2,6
1854,1.0098539198861194,MAT-POS-90fd5f68-2,7
1855,1.7528467745922218,MAT-POS-90fd5f68-2,8
1856,1.4303199588130948,MAT-POS-90fd5f68-2,9
1857,1.6152990115920347,MAT-POS-90fd5f68-2,10
1858,2.1032949452422853,MAT-POS-90fd5f68-2,11
1859,2.1929554427183895,MAT-POS-90fd5f68-2,12
1860,2.17269823050093,MAT-POS-90fd5f68-2,13
1861,2.1244884656545895,MAT-POS-90fd5f68-2,14
1862,2.768113779677231,MAT-POS-90fd5f68-2,15
1863,1.8959187487969564,MAT-POS-90fd5f68-2,16
1864,2.481269661287851,MAT-POS-90fd5f68-2,17
1865,1.6027983785709166,MAT-POS-90fd5f68-2,18
1866,2.869171742838269,MAT-POS-90fd5f68-2,19
1867,2.3489309523104613,MAT-POS-90fd5f68-2,20
1868,1.515404736276469,MAT-POS-90fd5f68-2,21
1869,1.7174094379997509,MAT-POS-90fd5f68-2,22
1870,1.8073201585783993,MAT-POS-90fd5f68-2,23
1871,1.8730228823332857,MAT-POS-90fd5f68-2,24
1872,1.450529252455435,MAT-POS-90fd5f68-2,25
1873,3.176062804107839,MAT-POS-90fd5f68-2,26
1874,3.4587942449186073,MAT-POS-90fd5f68-2,27
1875,3.423650211774815,MAT-POS-90fd5f68-2,28
1876,3.333680840813287,MAT-POS-90fd5f68-2,29
1877,3.0488928007258265,MAT-POS-90fd5f68-2,30
1878,2.152846688787765,MAT-POS-90fd5f68-2,31
1879,0.6223928274115607,MAT-POS-dc2604c4-1,0
1880,0.8713769708923318,MAT-POS-dc2604c4-1,1
1881,1.2509074013636963,MAT-POS-dc2604c4-1,2
1882,0.7122636693889357,MAT-POS-dc2604c4-1,3
1883,1.2269312221197795,MAT-POS-dc2604c4-1,4
1884,0.8366934778186854,MAT-POS-dc2604c4-1,5
1885,1.9025383032177459,MAT-POS-dc2604c4-1,6
1886,1.4498717336648006,MAT-POS-dc2604c4-1,7
1887,0.7122722912664912,MAT-POS-dc2604c4-1,8
1888,0.9073831590515247,MAT-POS-dc2604c4-1,9
1889,1.2814048308541004,MAT-POS-dc2604c4-1,10
1890,1.5336435358364449,MAT-POS-dc2604c4-1,11
1891,1.4398607757526944,MAT-POS-dc2604c4-1,12
1892,2.5954233801148385,MAT-POS-dc2604c4-1,13
1893,3.0345120034405997,MAT-POS-dc2604c4-1,14
1894,2.4830038549958946,MAT-POS-dc2604c4-1,15
1895,2.519756389098331,MAT-POS-dc2604c4-1,16
1896,2.3625781313570755,MAT-POS-dc2604c4-1,17
1897,1.535716674174441,MAT-POS-dc2604c4-1,18
1898,2.211602226056148,MAT-POS-dc2604c4-1,19
1899,1.9283327347612274,MAT-POS-dc2604c4-1,20
1900,1.9933500977261671,MAT-POS-dc2604c4-1,21
1901,0.995485466879564,MAT-POS-dc2604c4-1,22
1902,1.4599447029843005,MAT-POS-dc2604c4-1,23
1903,1.9995477060083244,MAT-POS-dc2604c4-1,24
1904,2.348670326696542,MAT-POS-dc2604c4-1,25
1905,1.7175205877925572,MAT-POS-dc2604c4-1,26
1906,4.002486500690395,MAT-POS-dc2604c4-1,27
1907,2.3105531318104426,MAT-POS-dc2604c4-1,28
1908,2.1896920924439374,MAT-POS-dc2604c4-1,29
1909,1.988849649629847,MAT-POS-dc2604c4-1,30
1910,2.2969195711702595,MAT-POS-dc2604c4-1,31
1911,2.72726532083439,MAT-POS-dc2604c4-1,32
1912,1.4932889130637899,MAT-POS-dc2604c4-1,33
1913,2.318707626172919,MAT-POS-dc2604c4-1,34
1914,2.047672858158663,MAT-POS-dc2604c4-1,35
1915,0.6701770741149404,MAT-POS-90fd5f68-13,0
1916,0.5899085786548954,MAT-POS-90fd5f68-13,1
1917,0.6378776343190601,MAT-POS-90fd5f68-13,2
1918,0.8391628001721461,MAT-POS-90fd5f68-13,3
1919,0.5786650418527627,MAT-POS-90fd5f68-13,4
1920,0.8023579341011603,MAT-POS-90fd5f68-13,5
1921,0.7246626123646763,MAT-POS-90fd5f68-13,6
1922,2.0214578503046927,MAT-POS-90fd5f68-13,7
1923,1.6393596368272205,MAT-POS-90fd5f68-13,8
1924,1.4545468891156947,MAT-POS-90fd5f68-13,9
1925,1.6440071617022072,MAT-POS-90fd5f68-13,10
1926,1.5580580363602452,MAT-POS-90fd5f68-13,11
1927,2.3077975402628046,MAT-POS-90fd5f68-13,12
1928,1.639923908356438,MAT-POS-90fd5f68-13,13
1929,2.2490186544473936,MAT-POS-90fd5f68-13,14
1930,1.675609357225383,MAT-POS-90fd5f68-13,15
1931,0.08343792210375171,RAL-THA-2d450e86-33,0
1932,1.0409098310515406,RAL-THA-2d450e86-33,1
1933,0.8587666771072128,RAL-THA-2d450e86-33,2
1934,1.2259748107979236,RAL-THA-2d450e86-33,3
1935,0.6829621066542906,ALP-POS-6479a3a9-2,0
1936,0.719651005003489,ALP-POS-6479a3a9-2,1
1937,0.7828628572504568,ALP-POS-6479a3a9-2,2
1938,0.8494887486039658,ALP-POS-6479a3a9-2,3
1939,2.107251206948487,ALP-POS-6479a3a9-2,4
1940,0.7972943427164285,ALP-POS-6479a3a9-2,5
1941,0.8205727549179832,ALP-POS-6479a3a9-2,6
1942,2.213807492599174,ALP-POS-6479a3a9-2,7
1943,1.0441525249771768,ALP-POS-6479a3a9-2,8
1944,2.1279367348840386,ALP-POS-6479a3a9-2,9
1945,0.989167000351853,ALP-POS-6479a3a9-2,10
1946,0.9150184391690719,ALP-POS-6479a3a9-2,11
1947,1.5413444408901549,ALP-POS-6479a3a9-2,12
1948,2.251782758679929,ALP-POS-6479a3a9-2,13
1949,2.1695622663830187,ALP-POS-6479a3a9-2,14
1950,1.6999754902655269,ALP-POS-6479a3a9-2,15
1951,2.251961615314624,ALP-POS-6479a3a9-2,16
1952,0.6184206877073475,MAT-POS-af1eef35-2,0
1953,0.9130193443975305,MAT-POS-af1eef35-2,1
1954,0.9327376950786205,MAT-POS-af1eef35-2,2
1955,0.8546482560553716,MAT-POS-af1eef35-2,3
1956,0.8549852714594858,MAT-POS-af1eef35-2,4
1957,2.059238110762054,MAT-POS-af1eef35-2,5
1958,1.8774645220586876,MAT-POS-af1eef35-2,6
1959,2.519519519535604,MAT-POS-af1eef35-2,7
1960,1.6328196350672999,MAT-POS-af1eef35-2,8
1961,1.6551168090678212,MAT-POS-af1eef35-2,9
1962,1.4523675655444657,MAT-POS-af1eef35-2,10
1963,1.5894936150565793,MAT-POS-af1eef35-2,11
1964,1.1576361601185732,MAT-POS-af1eef35-2,12
1965,1.0392640394467891,MAT-POS-af1eef35-2,13
1966,1.064388466784477,MAT-POS-af1eef35-2,14
1967,1.116669548327752,MAT-POS-af1eef35-2,15
1968,1.4030303885780973,MAT-POS-af1eef35-2,16
1969,1.3303687921052691,MAT-POS-af1eef35-2,17
1970,1.1833141713400552,MAT-POS-af1eef35-2,18
1971,1.6126241104027172,MAT-POS-af1eef35-2,19
1972,1.6393982002018985,MAT-POS-af1eef35-2,20
1973,1.1081196810862104,MAT-POS-af1eef35-2,21
1974,1.1741961752173329,MAT-POS-af1eef35-2,22
1975,1.9781798034428444,MAT-POS-af1eef35-2,23
1976,1.5720645943690823,MAT-POS-af1eef35-2,24
1977,1.9761936984095605,MAT-POS-af1eef35-2,25
1978,0.09157497786984764,RAL-THA-2d450e86-6,0
1979,0.8223951780266993,RAL-THA-2d450e86-6,1
1980,2.3335331352115602,RAL-THA-2d450e86-6,2
1981,0.10833283891034225,MAT-POS-4223bc15-40,0
1982,1.053489223197588,MAT-POS-4223bc15-40,1
1983,0.6428928832807953,MAT-POS-4223bc15-40,2
1984,1.2530596928097881,MAT-POS-4223bc15-40,3
1985,1.3186479071595323,MAT-POS-4223bc15-40,4
1986,1.4735864354078958,MAT-POS-4223bc15-40,5
1987,1.7243826987460067,MAT-POS-4223bc15-40,6
1988,2.2641258648513207,MAT-POS-4223bc15-40,7
1989,1.4192303252111316,MAT-POS-4223bc15-40,8
1990,4.252788441184726,MAT-POS-4223bc15-40,9
1991,4.85345409995057,MAT-POS-4223bc15-40,10
1992,0.09868087667749026,MAT-POS-c20a539d-4,0
1993,0.6905620633413841,MAT-POS-c20a539d-4,1
1994,0.7875347663621606,MAT-POS-c20a539d-4,2
1995,0.8597351075061973,MAT-POS-c20a539d-4,3
1996,0.849633885696938,MAT-POS-c20a539d-4,4
1997,2.016751838140865,MAT-POS-c20a539d-4,5
1998,1.4637266081723417,MAT-POS-c20a539d-4,6
1999,1.4785941478859626,MAT-POS-c20a539d-4,7
2000,1.336705685139851,MAT-POS-c20a539d-4,8
2001,3.273633230506941,MAT-POS-c20a539d-4,9
2002,1.7878072686296,MAT-POS-c20a539d-4,10
2003,1.759274703306772,MAT-POS-c20a539d-4,11
2004,2.1522113164330228,MAT-POS-c20a539d-4,12
2005,1.6986295624098786,MAT-POS-c20a539d-4,13
2006,2.1788026213222045,MAT-POS-c20a539d-4,14
2007,2.24582511400729,MAT-POS-c20a539d-4,15
2008,2.006771785336248,MAT-POS-c20a539d-4,16
2009,2.068486187545998,MAT-POS-c20a539d-4,17
2010,0.10815484647427212,EDJ-MED-9e38fd34-1,0
2011,0.8011668834419294,EDJ-MED-9e38fd34-1,1
2012,0.6336525934293858,MAT-POS-5cd9ea36-18,0
2013,1.1220035190921513,MAT-POS-5cd9ea36-18,1
2014,0.9450118921579675,MAT-POS-5cd9ea36-18,2
2015,1.0772309107453415,MAT-POS-5cd9ea36-18,3
2016,1.4056260492010313,MAT-POS-5cd9ea36-18,4
2017,1.9201452405446622,MAT-POS-5cd9ea36-18,5
2018,1.1034884016976343,MAT-POS-5cd9ea36-18,6
2019,1.677761719401932,MAT-POS-5cd9ea36-18,7
2020,1.487567526806057,MAT-POS-5cd9ea36-18,8
2021,1.6852540527726256,MAT-POS-5cd9ea36-18,9
2022,1.5282206676756047,MAT-POS-5cd9ea36-18,10
2023,0.9566886895277619,MAT-POS-5cd9ea36-18,11
2024,1.6626818408570065,MAT-POS-5cd9ea36-18,12
2025,1.797435134276224,MAT-POS-5cd9ea36-18,13
2026,1.5818721237898852,MAT-POS-5cd9ea36-18,14
2027,0.9872389853406252,MAT-POS-5cd9ea36-18,15
2028,1.188489319389139,MAT-POS-5cd9ea36-18,16
2029,1.525088170606794,MAT-POS-5cd9ea36-18,17
2030,1.223545326233711,MAT-POS-5cd9ea36-18,18
2031,1.9238597711152983,MAT-POS-5cd9ea36-18,19
2032,1.991072156160815,MAT-POS-5cd9ea36-18,20
2033,2.1649402950940706,MAT-POS-5cd9ea36-18,21
2034,2.1504188450126844,MAT-POS-5cd9ea36-18,22
2035,2.2522544553512573,MAT-POS-5cd9ea36-18,23
2036,1.8520332051190866,MAT-POS-5cd9ea36-18,24
2037,1.7424026179815897,MAT-POS-5cd9ea36-18,25
2038,2.544915383261777,MAT-POS-5cd9ea36-18,26
2039,2.1324069208679384,MAT-POS-5cd9ea36-18,27
2040,2.2467927022371232,MAT-POS-5cd9ea36-18,28
2041,2.194496169092934,MAT-POS-5cd9ea36-18,29
2042,0.09178428892305344,MAT-POS-afb6844f-1,0
2043,1.2967118459337679,MAT-POS-afb6844f-1,1
2044,2.9174529345334594,MAT-POS-afb6844f-1,2
2045,0.14159387595638018,EDJ-MED-7889e8da-3,0
2046,0.7159526719638319,EDJ-MED-7889e8da-3,1
2047,0.7051098744269092,EDJ-MED-7889e8da-3,2
2048,1.170826329157527,EDJ-MED-7889e8da-3,3
2049,1.0569959026815738,EDJ-MED-7889e8da-3,4
2050,1.0210766049871276,EDJ-MED-7889e8da-3,5
2051,1.6242348583218467,EDJ-MED-7889e8da-3,6
2052,1.391695461563059,EDJ-MED-7889e8da-3,7
2053,4.140517471011943,EDJ-MED-7889e8da-3,8
2054,1.7188435848965309,EDJ-MED-7889e8da-3,9
2055,1.4056447377877601,EDJ-MED-7889e8da-3,10
2056,2.475465572351937,EDJ-MED-7889e8da-3,11
2057,4.328644263424413,EDJ-MED-7889e8da-3,12
2058,3.9914819113181417,EDJ-MED-7889e8da-3,13
2059,0.09627986503957195,RAL-THA-2d450e86-7,0
2060,0.106445056647574,BEN-DND-c852c98b-10,0
2061,0.7114237480201221,BEN-DND-c852c98b-10,1
2062,2.8301762201953506,BEN-DND-c852c98b-10,2
2063,2.264898305567669,BEN-DND-c852c98b-10,3
2064,2.110360252062793,BEN-DND-c852c98b-10,4
2065,6.900029100257044,BEN-DND-c852c98b-10,5
2066,0.11663708326020707,MAT-POS-3ccb8ef6-1,0
2067,0.600158132454669,MAT-POS-50a80394-1,0
2068,1.1784522311415553,MAT-POS-50a80394-1,1
2069,0.6773722893106344,MAT-POS-50a80394-1,2
2070,1.811917273021803,MAT-POS-50a80394-1,3
2071,1.249465726305517,MAT-POS-50a80394-1,4
2072,0.8031927650976555,MAT-POS-50a80394-1,5
2073,2.707848403532455,MAT-POS-50a80394-1,6
2074,1.8807853785334991,MAT-POS-50a80394-1,7
2075,2.5145429458315984,MAT-POS-50a80394-1,8
2076,1.2820360637767603,MAT-POS-50a80394-1,9
2077,2.2096515489666078,MAT-POS-50a80394-1,10
2078,1.3755284856045202,MAT-POS-50a80394-1,11
2079,1.4075514724436644,MAT-POS-50a80394-1,12
2080,2.123078268568406,MAT-POS-50a80394-1,13
2081,2.838963410925084,MAT-POS-50a80394-1,14
2082,2.932717013033486,MAT-POS-50a80394-1,15
2083,1.7523320574576882,MAT-POS-50a80394-1,16
2084,2.471597193630669,MAT-POS-50a80394-1,17
2085,1.8839327967751178,MAT-POS-50a80394-1,18
2086,0.6958378807955826,PET-UNK-7fb4f80a-2,0
2087,0.8055948811659633,PET-UNK-7fb4f80a-2,1
2088,0.7824104851956982,PET-UNK-7fb4f80a-2,2
2089,0.8035964990945081,PET-UNK-7fb4f80a-2,3
2090,1.7084842277402186,PET-UNK-7fb4f80a-2,4
2091,1.0415095578600755,PET-UNK-7fb4f80a-2,5
2092,2.2165840968064874,PET-UNK-7fb4f80a-2,6
2093,0.9145387541640086,PET-UNK-7fb4f80a-2,7
2094,0.9763043935460626,PET-UNK-7fb4f80a-2,8
2095,1.0089427160892146,PET-UNK-7fb4f80a-2,9
2096,1.7957574609879405,PET-UNK-7fb4f80a-2,10
2097,1.518295348859943,PET-UNK-7fb4f80a-2,11
2098,2.2218162713520915,PET-UNK-7fb4f80a-2,12
2099,1.6580250634293976,PET-UNK-7fb4f80a-2,13
2100,1.7952431088784713,PET-UNK-7fb4f80a-2,14
2101,1.5450344248490897,PET-UNK-7fb4f80a-2,15
2102,1.7446999877010365,PET-UNK-7fb4f80a-2,16
2103,1.6625616956681637,PET-UNK-7fb4f80a-2,17
2104,2.075560890330216,PET-UNK-7fb4f80a-2,18
2105,1.608611414334859,PET-UNK-7fb4f80a-2,19
2106,1.7804458395623175,PET-UNK-7fb4f80a-2,20
2107,2.087506167397259,PET-UNK-7fb4f80a-2,21
2108,2.2773089003797677,PET-UNK-7fb4f80a-2,22
2109,0.3807013564535387,EDJ-MED-12c4873b-2,0
2110,1.539455634700637,EDJ-MED-12c4873b-2,1
2111,0.7851718248788013,EDJ-MED-12c4873b-2,2
2112,1.86232462750321,EDJ-MED-12c4873b-2,3
2113,1.586686730565091,EDJ-MED-12c4873b-2,4
2114,2.38907940585741,EDJ-MED-12c4873b-2,5
2115,1.982167621319131,EDJ-MED-12c4873b-2,6
2116,2.3895725756174375,EDJ-MED-12c4873b-2,7
2117,2.0754087272480026,EDJ-MED-12c4873b-2,8
2118,0.7095917939242707,PET-UNK-d899bab6-1,0
2119,0.6848704015075728,PET-UNK-d899bab6-1,1
2120,0.8085776088858891,PET-UNK-d899bab6-1,2
2121,2.4562516386126556,PET-UNK-d899bab6-1,3
2122,1.6430031704058015,PET-UNK-d899bab6-1,4
2123,1.883880624606476,PET-UNK-d899bab6-1,5
2124,3.299698507087492,PET-UNK-d899bab6-1,6
2125,3.194180071703106,PET-UNK-d899bab6-1,7
2126,3.4953472572513666,PET-UNK-d899bab6-1,8
2127,3.044944333524197,PET-UNK-d899bab6-1,9
